{
  "themes": [
    {
      "name": "Reliability and Accuracy of AI‑Generated Content",
      "definition": "Students repeatedly noted that AI outputs can be both impressively coherent and strikingly erroneous. While the language often appears scholarly, factual mistakes, oversimplifications, and outright fabrications are common, prompting caution.",
      "keywords": [
        "factual errors",
        "hallucinations",
        "misinformation",
        "accuracy",
        "credibility",
        "false statements",
        "content quality"
      ]
    },
    {
      "name": "Source Verification and Citation Issues",
      "definition": "A major concern across reflections is the need to check every reference that AI supplies, as many citations are fabricated, incomplete, or mis‑attributed. The effort required to confirm the existence and relevance of sources offsets some of the time‑saving benefits of AI.",
      "keywords": [
        "fabricated references",
        "citation checking",
        "source validation",
        "false bibliography",
        "reference accuracy",
        "verification workload"
      ]
    },
    {
      "name": "Academic Utility – Drafting, Summarizing, and Idea Generation",
      "definition": "Students found AI useful for producing outlines, drafts, concise summaries, and for brainstorming new angles on a topic. These functions helped them overcome writer’s block and structure their arguments more efficiently.",
      "keywords": [
        "drafting",
        "summarization",
        "brainstorming",
        "outline creation",
        "idea generation",
        "structure",
        "writing assistance"
      ]
    },
    {
      "name": "Critical Thinking and Learning Enhancement",
      "definition": "Engaging with AI outputs forced students to compare generated text with original literature, deepening their understanding of the material. The process promoted more active reading and encouraged reflective evaluation of both AI and their own knowledge.",
      "keywords": [
        "critical evaluation",
        "deepened understanding",
        "reflective learning",
        "comparative analysis",
        "active reading",
        "metacognition"
      ]
    },
    {
      "name": "Ethical and Attitudinal Concerns toward AI Use",
      "definition": "Reflections reveal mixed feelings about academic integrity, personal bans, and disciplinary norms surrounding AI. Some students view AI as a threat to independent thought, while others see it as a permissible tool when used responsibly.",
      "keywords": [
        "academic integrity",
        "ethical concerns",
        "personal bans",
        "acceptability",
        "authorial authenticity",
        "discipline policies"
      ]
    },
    {
      "name": "Tool Variability and Inconsistency across Assignments",
      "definition": "Participants observed that different AI platforms (e.g., ChatGPT, Perplexity) and even separate runs within the same platform yielded inconsistent quality of text and references. This variability highlighted the importance of not treating any single tool as uniformly reliable.",
      "keywords": [
        "platform differences",
        "output inconsistency",
        "tool comparison",
        "performance variability",
        "model dependence"
      ]
    },
    {
      "name": "Limitations in Depth, Nuance, and Contextual Understanding",
      "definition": "Many students reported that AI often omitted methodological details, cultural context, and nuanced arguments, leading to oversimplified explanations. The lack of sophisticated analytical reasoning limited its usefulness for complex scholarly work.",
      "keywords": [
        "oversimplification",
        "missing nuance",
        "cultural context",
        "methodological detail",
        "analytical depth",
        "limited reasoning"
      ]
    },
    {
      "name": "Time Efficiency and Workflow Integration",
      "definition": "Despite its flaws, AI was praised for dramatically speeding up literature searches, citation gathering, and initial drafting, reducing the time spent on routine tasks. Students described integrating AI into their workflow as a way to allocate more time to higher‑order analysis.",
      "keywords": [
        "time‑saving",
        "efficiency",
        "workflow integration",
        "rapid literature search",
        "productivity boost",
        "task automation."
      ]
    }
  ],
  "assignments": [
    {
      "id": "R001",
      "text_preview": "Reflecting on the two written assignments, I think it is safe to say that I was positively surprised...",
      "assigned_theme": "Ethical and Attitudinal Concerns toward AI Use",
      "llm_response": "5. Ethical and Attitudinal Concerns toward AI Use"
    },
    {
      "id": "R002",
      "text_preview": "Working on these two assignments gave me useful insights about the strengths and the weaknesses of A...",
      "assigned_theme": "Source Verification and Citation Issues",
      "llm_response": "2. Source Verification and Citation Issues"
    },
    {
      "id": "R003",
      "text_preview": "These two writing assignments have given me more insight into what generative AI can and cannot do. ...",
      "assigned_theme": "Critical Thinking and Learning Enhancement",
      "llm_response": "4. Critical Thinking and Learning Enhancement"
    },
    {
      "id": "R004",
      "text_preview": "Through both assignments, I learned that using generative AI can be helpful for getting ideas, writi...",
      "assigned_theme": "Tool Variability and Inconsistency across Assignments",
      "llm_response": "6. Tool Variability and Inconsistency across Assignments"
    },
    {
      "id": "R005",
      "text_preview": "Working on these two written assignments taught me a lot about what generative AI is capable of. Bef...",
      "assigned_theme": "Source Verification and Citation Issues",
      "llm_response": "2. Source Verification and Citation Issues"
    },
    {
      "id": "R006",
      "text_preview": "Throughout the two assignments, I have developed a clearer understanding of both the limitations and...",
      "assigned_theme": "Limitations in Depth, Nuance, and Contextual Understanding",
      "llm_response": "7. Limitations in Depth, Nuance, and Contextual Understanding"
    },
    {
      "id": "R007",
      "text_preview": "Working on both assignments really helped me understand what generative AI can and can't do in acade...",
      "assigned_theme": "Critical Thinking and Learning Enhancement",
      "llm_response": "4. Critical Thinking and Learning Enhancement"
    },
    {
      "id": "R008",
      "text_preview": "Through these two assignments, I have learned that generative AI can be a valuable academic tool whe...",
      "assigned_theme": "Critical Thinking and Learning Enhancement",
      "llm_response": "4. Critical Thinking and Learning Enhancement"
    },
    {
      "id": "R009",
      "text_preview": "Using generative AI for this assignment helped me to quickly create a clear structure and identify r...",
      "assigned_theme": "Critical Thinking and Learning Enhancement",
      "llm_response": "4. Critical Thinking and Learning Enhancement"
    },
    {
      "id": "R010",
      "text_preview": "Through the assignments about generative AI I have learned a lot about the capabilities and limitati...",
      "assigned_theme": "Reliability and Accuracy of AI‑Generated Content",
      "llm_response": "1. Reliability and Accuracy of AI‑Generated Content"
    },
    {
      "id": "R011",
      "text_preview": "AI helps to give the broad view of articles, explain difficult context in an simplified way, consist...",
      "assigned_theme": "Source Verification and Citation Issues",
      "llm_response": "2. Source Verification and Citation Issues"
    },
    {
      "id": "R012",
      "text_preview": "Before these assignments, I was already familiar with generative AI tools, but I mostly used them to...",
      "assigned_theme": "Source Verification and Citation Issues",
      "llm_response": "2. Source Verification and Citation Issues"
    },
    {
      "id": "R013",
      "text_preview": "If I reflect on how I used AI on my previous schoolwork, it was mainly for summarizing big texts, ge...",
      "assigned_theme": "Source Verification and Citation Issues",
      "llm_response": "2. Source Verification and Citation Issues"
    },
    {
      "id": "R014",
      "text_preview": "One of the most “eye-opening” insights gained from writing the assignments for the Psychopathology a...",
      "assigned_theme": "Limitations in Depth, Nuance, and Contextual Understanding",
      "llm_response": "7. Limitations in Depth, Nuance, and Contextual Understanding"
    },
    {
      "id": "R015",
      "text_preview": "Through completing the two written assignments in this course, I have gained a deeper understanding ...",
      "assigned_theme": "Critical Thinking and Learning Enhancement",
      "llm_response": "4. Critical Thinking and Learning Enhancement"
    },
    {
      "id": "R016",
      "text_preview": "These assignments just reassured to me that it is important to take generative AI with a grain of sa...",
      "assigned_theme": "Reliability and Accuracy of AI‑Generated Content",
      "llm_response": "1. Reliability and Accuracy of AI‑Generated Content"
    },
    {
      "id": "R017",
      "text_preview": "These assignments helped me realize that AI is a lot more accurate than I believed it was. Especiall...",
      "assigned_theme": "Reliability and Accuracy of AI‑Generated Content",
      "llm_response": "1. Reliability and Accuracy of AI‑Generated Content"
    },
    {
      "id": "R018",
      "text_preview": "Using generative Ai is something that has been deeply frowned upon in my original course. Since I am...",
      "assigned_theme": "Ethical and Attitudinal Concerns toward AI Use",
      "llm_response": "5. Ethical and Attitudinal Concerns toward AI Use"
    },
    {
      "id": "R019",
      "text_preview": "Through these two assignments, I have developed a clearer understanding of what should I look at, wh...",
      "assigned_theme": "Critical Thinking and Learning Enhancement",
      "llm_response": "4. Critical Thinking and Learning Enhancement"
    },
    {
      "id": "R020",
      "text_preview": "Through these two assignments, I have learned a lot about both the usefulness and the limitations of...",
      "assigned_theme": "Reliability and Accuracy of AI‑Generated Content",
      "llm_response": "1. Reliability and Accuracy of AI‑Generated Content"
    },
    {
      "id": "R021",
      "text_preview": "Throughout both assignments, I used two different generative AI tools, namely Perplexity AI and Chat...",
      "assigned_theme": "Tool Variability and Inconsistency across Assignments",
      "llm_response": "6. Tool Variability and Inconsistency across Assignments"
    },
    {
      "id": "R022",
      "text_preview": "Using AI during this work showed that it can be a decent tool to help looking for the requiered lite...",
      "assigned_theme": "Source Verification and Citation Issues",
      "llm_response": "2. Source Verification and Citation Issues"
    },
    {
      "id": "R023",
      "text_preview": "The two written assignments provided insight into how generative AI can be applied in education when...",
      "assigned_theme": "Academic Utility – Drafting, Summarizing, and Idea Generation",
      "llm_response": "3. Academic Utility – Drafting, Summarizing, and Idea Generation"
    },
    {
      "id": "R024",
      "text_preview": "In completing these assignments, I gained a deeper understanding of both the capabilities andlimitat...",
      "assigned_theme": "Critical Thinking and Learning Enhancement",
      "llm_response": "4. Critical Thinking and Learning Enhancement"
    },
    {
      "id": "R025",
      "text_preview": "This whole process has given me valuable insight into how generative programs operate and utilize th...",
      "assigned_theme": "Reliability and Accuracy of AI‑Generated Content",
      "llm_response": "1. Reliability and Accuracy of AI‑Generated Content"
    },
    {
      "id": "R026",
      "text_preview": "I have previously used generative AI to aid in my assignments and education; however, these assignme...",
      "assigned_theme": "Source Verification and Citation Issues",
      "llm_response": "2. Source Verification and Citation Issues"
    },
    {
      "id": "R027",
      "text_preview": "The two written assignments of this course have provided crucial understanding for me personally to ...",
      "assigned_theme": "Source Verification and Citation Issues",
      "llm_response": "2. Source Verification and Citation Issues"
    },
    {
      "id": "R028",
      "text_preview": "Working with generative AI across these two assignments has given me a deeper appreciation of both i...",
      "assigned_theme": "Critical Thinking and Learning Enhancement",
      "llm_response": "4. Critical Thinking and Learning Enhancement"
    },
    {
      "id": "R029",
      "text_preview": "Through these two assignments, I have learned that generative AI can be both a powerful academic too...",
      "assigned_theme": "Reliability and Accuracy of AI‑Generated Content",
      "llm_response": "1. Reliability and Accuracy of AI‑Generated Content"
    },
    {
      "id": "R030",
      "text_preview": "Due to the analytic nature of these assignments, I felt like I had to go more in-depth in terms of t...",
      "assigned_theme": "Source Verification and Citation Issues",
      "llm_response": "2. Source Verification and Citation Issues"
    },
    {
      "id": "R031",
      "text_preview": "I had never previously used AI to generate complete texts for me. My experience with it was limited ...",
      "assigned_theme": "Source Verification and Citation Issues",
      "llm_response": "2. Source Verification and Citation Issues"
    },
    {
      "id": "R032",
      "text_preview": "As a Gen-Z university student I am constantly exposed to AI in my daily use of technology, whether I...",
      "assigned_theme": "Ethical and Attitudinal Concerns toward AI Use",
      "llm_response": "5. Ethical and Attitudinal Concerns toward AI Use"
    },
    {
      "id": "R033",
      "text_preview": "This assignment was both significant and enjoyable. It felt like much more than a basic exercise in ...",
      "assigned_theme": "Critical Thinking and Learning Enhancement",
      "llm_response": "4. Critical Thinking and Learning Enhancement"
    },
    {
      "id": "R034",
      "text_preview": "Although I was previously already of the opinion that generative AI was not a sure and trustworthy w...",
      "assigned_theme": "Reliability and Accuracy of AI‑Generated Content",
      "llm_response": "1. Reliability and Accuracy of AI‑Generated Content"
    },
    {
      "id": "R035",
      "text_preview": "The two written assignments in this course have highlighted the capabilities, contrasted by harmful ...",
      "assigned_theme": "Critical Thinking and Learning Enhancement",
      "llm_response": "4. Critical Thinking and Learning Enhancement"
    },
    {
      "id": "R036",
      "text_preview": "While making these assignments, I have learned that AI-generated text is really prompt- and data- de...",
      "assigned_theme": "Reliability and Accuracy of AI‑Generated Content",
      "llm_response": "1. Reliability and Accuracy of AI‑Generated Content"
    },
    {
      "id": "R037",
      "text_preview": "Working with generative AI on the assignment has allowed me to get a more precise understanding of i...",
      "assigned_theme": "Limitations in Depth, Nuance, and Contextual Understanding",
      "llm_response": "7. Limitations in Depth, Nuance, and Contextual Understanding"
    },
    {
      "id": "R038",
      "text_preview": "Through these assignments, I have developed a more critical and reflective understanding of generati...",
      "assigned_theme": "Source Verification and Citation Issues",
      "llm_response": "2. Source Verification and Citation Issues"
    },
    {
      "id": "R039",
      "text_preview": "Throughout this assignment, I gained deeper understanding of how generative AI can be used thoughtfu...",
      "assigned_theme": "Critical Thinking and Learning Enhancement",
      "llm_response": "4. Critical Thinking and Learning Enhancement"
    },
    {
      "id": "R040",
      "text_preview": "Nowadays, AI is indispensable in everyday life and also in science. For example, it can support lear...",
      "assigned_theme": "Source Verification and Citation Issues",
      "llm_response": "2. Source Verification and Citation Issues"
    },
    {
      "id": "R041",
      "text_preview": "After completing both assignments, my perspective on the use of generative AI has changed considerab...",
      "assigned_theme": "Critical Thinking and Learning Enhancement",
      "llm_response": "4. Critical Thinking and Learning Enhancement"
    },
    {
      "id": "R042",
      "text_preview": "Before this course, I was already using generative AI tools like ChatGPT to help me understand compl...",
      "assigned_theme": "Critical Thinking and Learning Enhancement",
      "llm_response": "4. Critical Thinking and Learning Enhancement"
    },
    {
      "id": "R043",
      "text_preview": "The capabilities of generative AI are both fascinating and somewhat alarming. Its ability to produce...",
      "assigned_theme": "Source Verification and Citation Issues",
      "llm_response": "2. Source Verification and Citation Issues"
    },
    {
      "id": "R044",
      "text_preview": "Generative AI is widely used, mostly by students, unknowing of its limitations and blinded by its ca...",
      "assigned_theme": "Critical Thinking and Learning Enhancement",
      "llm_response": "4. Critical Thinking and Learning Enhancement"
    },
    {
      "id": "R045",
      "text_preview": "Through the two written generative AI assignments in this course, I learned a lot on how to utilize ...",
      "assigned_theme": "Critical Thinking and Learning Enhancement",
      "llm_response": "4. Critical Thinking and Learning Enhancement"
    },
    {
      "id": "R046",
      "text_preview": "Before these assignments, I had used generative AI primarily to improve the structure, consistency, ...",
      "assigned_theme": "Source Verification and Citation Issues",
      "llm_response": "2. Source Verification and Citation Issues"
    },
    {
      "id": "R047",
      "text_preview": "Before these assignments, I had never used AI to summarize entire scientific articles. Usually, I pr...",
      "assigned_theme": "Reliability and Accuracy of AI‑Generated Content",
      "llm_response": "1. Reliability and Accuracy of AI‑Generated Content"
    },
    {
      "id": "R048",
      "text_preview": "Through the assignments, I learned to detect the weaknesses and strengths of AI, in this case, ChatG...",
      "assigned_theme": "Source Verification and Citation Issues",
      "llm_response": "2. Source Verification and Citation Issues"
    },
    {
      "id": "R049",
      "text_preview": "In my case the two written assignments focused on reviewing the reliability of generative AI in acad...",
      "assigned_theme": "Limitations in Depth, Nuance, and Contextual Understanding",
      "llm_response": "7. Limitations in Depth, Nuance, and Contextual Understanding"
    },
    {
      "id": "R050",
      "text_preview": "Working with generative AI for both of these assignments has given me a much better sense of its cap...",
      "assigned_theme": "Limitations in Depth, Nuance, and Contextual Understanding",
      "llm_response": "7. Limitations in Depth, Nuance, and Contextual Understanding"
    },
    {
      "id": "R051",
      "text_preview": "Through these two written assignments about generative AI, I have learned that with enough knowledge...",
      "assigned_theme": "Ethical and Attitudinal Concerns toward AI Use",
      "llm_response": "5. Ethical and Attitudinal Concerns toward AI Use"
    },
    {
      "id": "R052",
      "text_preview": "Through the two written assignments in this course, I have developed a clearer understanding of both...",
      "assigned_theme": "Reliability and Accuracy of AI‑Generated Content",
      "llm_response": "1. Reliability and Accuracy of AI‑Generated Content"
    },
    {
      "id": "R053",
      "text_preview": "I had talked about this in the questionnaire that we had to do for this course, but actually startin...",
      "assigned_theme": "Ethical and Attitudinal Concerns toward AI Use",
      "llm_response": "5. Ethical and Attitudinal Concerns toward AI Use"
    },
    {
      "id": "R054",
      "text_preview": "Through the two written assignments in this course, I have developed a clearer understanding of both...",
      "assigned_theme": "Critical Thinking and Learning Enhancement",
      "llm_response": "4. Critical Thinking and Learning Enhancement"
    },
    {
      "id": "R055",
      "text_preview": "Generative AI can be a useful tool for brainstorming assignments, asking questions, and providing ex...",
      "assigned_theme": "Ethical and Attitudinal Concerns toward AI Use",
      "llm_response": "5. Ethical and Attitudinal Concerns toward AI Use"
    },
    {
      "id": "R056",
      "text_preview": "Over the last two assignments, I learnt a lot about generative AI – what its benefits are and what i...",
      "assigned_theme": "Source Verification and Citation Issues",
      "llm_response": "2. Source Verification and Citation Issues"
    },
    {
      "id": "R057",
      "text_preview": "Through the two written assignments, I have expanded my knowledge on GenAI, especially its strengths...",
      "assigned_theme": "Reliability and Accuracy of AI‑Generated Content",
      "llm_response": "1. Reliability and Accuracy of AI‑Generated Content"
    },
    {
      "id": "R058",
      "text_preview": "This assignment has me helped gain deeper understanding of how artificial intelligence gathers, synt...",
      "assigned_theme": "Source Verification and Citation Issues",
      "llm_response": "2. Source Verification and Citation Issues"
    },
    {
      "id": "R059",
      "text_preview": "Through the two written assignments about sleep and social support, I have learned a lot about the s...",
      "assigned_theme": "Reliability and Accuracy of AI‑Generated Content",
      "llm_response": "1. Reliability and Accuracy of AI‑Generated Content"
    }
  ],
  "frequency_table": [
    {
      "theme": "Source Verification and Citation Issues",
      "count": 17,
      "percentage": 28.8
    },
    {
      "theme": "Critical Thinking and Learning Enhancement",
      "count": 16,
      "percentage": 27.1
    },
    {
      "theme": "Reliability and Accuracy of AI‑Generated Content",
      "count": 12,
      "percentage": 20.3
    },
    {
      "theme": "Ethical and Attitudinal Concerns toward AI Use",
      "count": 6,
      "percentage": 10.2
    },
    {
      "theme": "Limitations in Depth, Nuance, and Contextual Understanding",
      "count": 5,
      "percentage": 8.5
    },
    {
      "theme": "Tool Variability and Inconsistency across Assignments",
      "count": 2,
      "percentage": 3.4
    },
    {
      "theme": "Academic Utility – Drafting, Summarizing, and Idea Generation",
      "count": 1,
      "percentage": 1.7
    },
    {
      "theme": "Time Efficiency and Workflow Integration",
      "count": 0,
      "percentage": 0.0
    }
  ]
}