theme_name,definition,keywords
Reliability and Accuracy of AI‑Generated Content,"Students repeatedly noted that AI outputs can be both impressively coherent and strikingly erroneous. While the language often appears scholarly, factual mistakes, oversimplifications, and outright fabrications are common, prompting caution.","factual errors, hallucinations, misinformation, accuracy, credibility, false statements, content quality"
Source Verification and Citation Issues,"A major concern across reflections is the need to check every reference that AI supplies, as many citations are fabricated, incomplete, or mis‑attributed. The effort required to confirm the existence and relevance of sources offsets some of the time‑saving benefits of AI.","fabricated references, citation checking, source validation, false bibliography, reference accuracy, verification workload"
"Academic Utility – Drafting, Summarizing, and Idea Generation","Students found AI useful for producing outlines, drafts, concise summaries, and for brainstorming new angles on a topic. These functions helped them overcome writer’s block and structure their arguments more efficiently.","drafting, summarization, brainstorming, outline creation, idea generation, structure, writing assistance"
Critical Thinking and Learning Enhancement,"Engaging with AI outputs forced students to compare generated text with original literature, deepening their understanding of the material. The process promoted more active reading and encouraged reflective evaluation of both AI and their own knowledge.","critical evaluation, deepened understanding, reflective learning, comparative analysis, active reading, metacognition"
Ethical and Attitudinal Concerns toward AI Use,"Reflections reveal mixed feelings about academic integrity, personal bans, and disciplinary norms surrounding AI. Some students view AI as a threat to independent thought, while others see it as a permissible tool when used responsibly.","academic integrity, ethical concerns, personal bans, acceptability, authorial authenticity, discipline policies"
Tool Variability and Inconsistency across Assignments,"Participants observed that different AI platforms (e.g., ChatGPT, Perplexity) and even separate runs within the same platform yielded inconsistent quality of text and references. This variability highlighted the importance of not treating any single tool as uniformly reliable.","platform differences, output inconsistency, tool comparison, performance variability, model dependence"
"Limitations in Depth, Nuance, and Contextual Understanding","Many students reported that AI often omitted methodological details, cultural context, and nuanced arguments, leading to oversimplified explanations. The lack of sophisticated analytical reasoning limited its usefulness for complex scholarly work.","oversimplification, missing nuance, cultural context, methodological detail, analytical depth, limited reasoning"
Time Efficiency and Workflow Integration,"Despite its flaws, AI was praised for dramatically speeding up literature searches, citation gathering, and initial drafting, reducing the time spent on routine tasks. Students described integrating AI into their workflow as a way to allocate more time to higher‑order analysis.","time‑saving, efficiency, workflow integration, rapid literature search, productivity boost, task automation."
