id,text_preview,assigned_theme,llm_response
R001,"Reflecting on the two written assignments, I think it is safe to say that I was positively surprised...",Ethical and Attitudinal Concerns toward AI Use,5. Ethical and Attitudinal Concerns toward AI Use
R002,Working on these two assignments gave me useful insights about the strengths and the weaknesses of A...,Source Verification and Citation Issues,2. Source Verification and Citation Issues
R003,These two writing assignments have given me more insight into what generative AI can and cannot do. ...,Critical Thinking and Learning Enhancement,4. Critical Thinking and Learning Enhancement
R004,"Through both assignments, I learned that using generative AI can be helpful for getting ideas, writi...",Tool Variability and Inconsistency across Assignments,6. Tool Variability and Inconsistency across Assignments
R005,Working on these two written assignments taught me a lot about what generative AI is capable of. Bef...,Source Verification and Citation Issues,2. Source Verification and Citation Issues
R006,"Throughout the two assignments, I have developed a clearer understanding of both the limitations and...","Limitations in Depth, Nuance, and Contextual Understanding","7. Limitations in Depth, Nuance, and Contextual Understanding"
R007,Working on both assignments really helped me understand what generative AI can and can't do in acade...,Critical Thinking and Learning Enhancement,4. Critical Thinking and Learning Enhancement
R008,"Through these two assignments, I have learned that generative AI can be a valuable academic tool whe...",Critical Thinking and Learning Enhancement,4. Critical Thinking and Learning Enhancement
R009,Using generative AI for this assignment helped me to quickly create a clear structure and identify r...,Critical Thinking and Learning Enhancement,4. Critical Thinking and Learning Enhancement
R010,Through the assignments about generative AI I have learned a lot about the capabilities and limitati...,Reliability and Accuracy of AI‑Generated Content,1. Reliability and Accuracy of AI‑Generated Content
R011,"AI helps to give the broad view of articles, explain difficult context in an simplified way, consist...",Source Verification and Citation Issues,2. Source Verification and Citation Issues
R012,"Before these assignments, I was already familiar with generative AI tools, but I mostly used them to...",Source Verification and Citation Issues,2. Source Verification and Citation Issues
R013,"If I reflect on how I used AI on my previous schoolwork, it was mainly for summarizing big texts, ge...",Source Verification and Citation Issues,2. Source Verification and Citation Issues
R014,One of the most “eye-opening” insights gained from writing the assignments for the Psychopathology a...,"Limitations in Depth, Nuance, and Contextual Understanding","7. Limitations in Depth, Nuance, and Contextual Understanding"
R015,"Through completing the two written assignments in this course, I have gained a deeper understanding ...",Critical Thinking and Learning Enhancement,4. Critical Thinking and Learning Enhancement
R016,These assignments just reassured to me that it is important to take generative AI with a grain of sa...,Reliability and Accuracy of AI‑Generated Content,1. Reliability and Accuracy of AI‑Generated Content
R017,These assignments helped me realize that AI is a lot more accurate than I believed it was. Especiall...,Reliability and Accuracy of AI‑Generated Content,1. Reliability and Accuracy of AI‑Generated Content
R018,Using generative Ai is something that has been deeply frowned upon in my original course. Since I am...,Ethical and Attitudinal Concerns toward AI Use,5. Ethical and Attitudinal Concerns toward AI Use
R019,"Through these two assignments, I have developed a clearer understanding of what should I look at, wh...",Critical Thinking and Learning Enhancement,4. Critical Thinking and Learning Enhancement
R020,"Through these two assignments, I have learned a lot about both the usefulness and the limitations of...",Reliability and Accuracy of AI‑Generated Content,1. Reliability and Accuracy of AI‑Generated Content
R021,"Throughout both assignments, I used two different generative AI tools, namely Perplexity AI and Chat...",Tool Variability and Inconsistency across Assignments,6. Tool Variability and Inconsistency across Assignments
R022,Using AI during this work showed that it can be a decent tool to help looking for the requiered lite...,Source Verification and Citation Issues,2. Source Verification and Citation Issues
R023,The two written assignments provided insight into how generative AI can be applied in education when...,"Academic Utility – Drafting, Summarizing, and Idea Generation","3. Academic Utility – Drafting, Summarizing, and Idea Generation"
R024,"In completing these assignments, I gained a deeper understanding of both the capabilities andlimitat...",Critical Thinking and Learning Enhancement,4. Critical Thinking and Learning Enhancement
R025,This whole process has given me valuable insight into how generative programs operate and utilize th...,Reliability and Accuracy of AI‑Generated Content,1. Reliability and Accuracy of AI‑Generated Content
R026,"I have previously used generative AI to aid in my assignments and education; however, these assignme...",Source Verification and Citation Issues,2. Source Verification and Citation Issues
R027,The two written assignments of this course have provided crucial understanding for me personally to ...,Source Verification and Citation Issues,2. Source Verification and Citation Issues
R028,Working with generative AI across these two assignments has given me a deeper appreciation of both i...,Critical Thinking and Learning Enhancement,4. Critical Thinking and Learning Enhancement
R029,"Through these two assignments, I have learned that generative AI can be both a powerful academic too...",Reliability and Accuracy of AI‑Generated Content,1. Reliability and Accuracy of AI‑Generated Content
R030,"Due to the analytic nature of these assignments, I felt like I had to go more in-depth in terms of t...",Source Verification and Citation Issues,2. Source Verification and Citation Issues
R031,I had never previously used AI to generate complete texts for me. My experience with it was limited ...,Source Verification and Citation Issues,2. Source Verification and Citation Issues
R032,"As a Gen-Z university student I am constantly exposed to AI in my daily use of technology, whether I...",Ethical and Attitudinal Concerns toward AI Use,5. Ethical and Attitudinal Concerns toward AI Use
R033,This assignment was both significant and enjoyable. It felt like much more than a basic exercise in ...,Critical Thinking and Learning Enhancement,4. Critical Thinking and Learning Enhancement
R034,Although I was previously already of the opinion that generative AI was not a sure and trustworthy w...,Reliability and Accuracy of AI‑Generated Content,1. Reliability and Accuracy of AI‑Generated Content
R035,"The two written assignments in this course have highlighted the capabilities, contrasted by harmful ...",Critical Thinking and Learning Enhancement,4. Critical Thinking and Learning Enhancement
R036,"While making these assignments, I have learned that AI-generated text is really prompt- and data- de...",Reliability and Accuracy of AI‑Generated Content,1. Reliability and Accuracy of AI‑Generated Content
R037,Working with generative AI on the assignment has allowed me to get a more precise understanding of i...,"Limitations in Depth, Nuance, and Contextual Understanding","7. Limitations in Depth, Nuance, and Contextual Understanding"
R038,"Through these assignments, I have developed a more critical and reflective understanding of generati...",Source Verification and Citation Issues,2. Source Verification and Citation Issues
R039,"Throughout this assignment, I gained deeper understanding of how generative AI can be used thoughtfu...",Critical Thinking and Learning Enhancement,4. Critical Thinking and Learning Enhancement
R040,"Nowadays, AI is indispensable in everyday life and also in science. For example, it can support lear...",Source Verification and Citation Issues,2. Source Verification and Citation Issues
R041,"After completing both assignments, my perspective on the use of generative AI has changed considerab...",Critical Thinking and Learning Enhancement,4. Critical Thinking and Learning Enhancement
R042,"Before this course, I was already using generative AI tools like ChatGPT to help me understand compl...",Critical Thinking and Learning Enhancement,4. Critical Thinking and Learning Enhancement
R043,The capabilities of generative AI are both fascinating and somewhat alarming. Its ability to produce...,Source Verification and Citation Issues,2. Source Verification and Citation Issues
R044,"Generative AI is widely used, mostly by students, unknowing of its limitations and blinded by its ca...",Critical Thinking and Learning Enhancement,4. Critical Thinking and Learning Enhancement
R045,"Through the two written generative AI assignments in this course, I learned a lot on how to utilize ...",Critical Thinking and Learning Enhancement,4. Critical Thinking and Learning Enhancement
R046,"Before these assignments, I had used generative AI primarily to improve the structure, consistency, ...",Source Verification and Citation Issues,2. Source Verification and Citation Issues
R047,"Before these assignments, I had never used AI to summarize entire scientific articles. Usually, I pr...",Reliability and Accuracy of AI‑Generated Content,1. Reliability and Accuracy of AI‑Generated Content
R048,"Through the assignments, I learned to detect the weaknesses and strengths of AI, in this case, ChatG...",Source Verification and Citation Issues,2. Source Verification and Citation Issues
R049,In my case the two written assignments focused on reviewing the reliability of generative AI in acad...,"Limitations in Depth, Nuance, and Contextual Understanding","7. Limitations in Depth, Nuance, and Contextual Understanding"
R050,Working with generative AI for both of these assignments has given me a much better sense of its cap...,"Limitations in Depth, Nuance, and Contextual Understanding","7. Limitations in Depth, Nuance, and Contextual Understanding"
R051,"Through these two written assignments about generative AI, I have learned that with enough knowledge...",Ethical and Attitudinal Concerns toward AI Use,5. Ethical and Attitudinal Concerns toward AI Use
R052,"Through the two written assignments in this course, I have developed a clearer understanding of both...",Reliability and Accuracy of AI‑Generated Content,1. Reliability and Accuracy of AI‑Generated Content
R053,"I had talked about this in the questionnaire that we had to do for this course, but actually startin...",Ethical and Attitudinal Concerns toward AI Use,5. Ethical and Attitudinal Concerns toward AI Use
R054,"Through the two written assignments in this course, I have developed a clearer understanding of both...",Critical Thinking and Learning Enhancement,4. Critical Thinking and Learning Enhancement
R055,"Generative AI can be a useful tool for brainstorming assignments, asking questions, and providing ex...",Ethical and Attitudinal Concerns toward AI Use,5. Ethical and Attitudinal Concerns toward AI Use
R056,"Over the last two assignments, I learnt a lot about generative AI – what its benefits are and what i...",Source Verification and Citation Issues,2. Source Verification and Citation Issues
R057,"Through the two written assignments, I have expanded my knowledge on GenAI, especially its strengths...",Reliability and Accuracy of AI‑Generated Content,1. Reliability and Accuracy of AI‑Generated Content
R058,"This assignment has me helped gain deeper understanding of how artificial intelligence gathers, synt...",Source Verification and Citation Issues,2. Source Verification and Citation Issues
R059,"Through the two written assignments about sleep and social support, I have learned a lot about the s...",Reliability and Accuracy of AI‑Generated Content,1. Reliability and Accuracy of AI‑Generated Content
