id,text,memo,key_insights,learning_points
R001,"Reflecting on the two written assignments, I think it is safe to say that I was positively surprised with how accurate my generated texts were. I know that other students have entered the same prompts...","Discovered that generative AI can produce well‑written academic texts supported by verifiable, credible sources. Shifted from surprise at AI’s accuracy to a firm stance that AI should be used as an assistive tool rather than a substitute for personal effort. Recognized specific, ethical uses such as rapid literature scouting, exam‑prep question generation, and study‑schedule planning, coupled with the need for continual critical evaluation of AI outputs.","Discovered that generative AI can produce well‑written academic texts supported by verifiable, credible sources.","Discovered that generative AI can produce well‑written academic texts supported by verifiable, credible sources."
R002,"Working on these two assignments gave me useful insights about the strengths and the weaknesses of AI tools in academic work and beyond. On one hand, AI platforms like Perplexity and ChatGPT are incre...","Discovered that AI tools generate useful summaries but can produce fabricated references that look authentic. Shifted from treating AI as a shortcut to using it intentionally, always questioning and double‑checking its outputs. Gained awareness of AI’s environmental footprint and ethical concerns, leading to a more responsible stance toward its use.",Discovered that AI tools generate useful summaries but can produce fabricated references that look authentic.,"Discovered that AI tools generate useful summaries but can produce fabricated references that look authentic., Gained awareness of AI’s environmental footprint and ethical concerns, leading to a more responsible stance toward its use."
R003,"These two writing assignments have given me more insight into what generative AI can and cannot do. Initially, I used AI for spelling and grammar, and as a handy tool for quickly writing texts and gen...","Learned to treat generative AI as a drafting and brainstorming aid rather than a source of finished, reliable content. Shifted from trusting AI outputs to critically evaluating and revising them, using AI only when it adds clear value. Became aware of AI’s propensity for superficial fluency, potential misinformation, and ecological and labor impacts, prompting more selective and ethical use.","Learned to treat generative AI as a drafting and brainstorming aid rather than a source of finished, reliable content.","Learned to treat generative AI as a drafting and brainstorming aid rather than a source of finished, reliable content., Became aware of AI’s propensity for superficial fluency, potential misinformation, and ecological and labor impacts, prompting more selective and ethical use."
R004,"Through both assignments, I learned that using generative AI can be helpful for getting ideas, writing drafts, and finding academic sources, but it also has clear limitations. In the first assignment ...","Learned that generative AI can produce convincing but false references, so every citation must be independently verified. Shifted from relying on AI as a main source to using it only as a brainstorming and drafting aid, adopting a more cautious stance. Became aware of AI’s unpredictable reliability and the ethical duty to check its outputs to prevent spreading misinformation.","Learned that generative AI can produce convincing but false references, so every citation must be independently verified.","Learned that generative AI can produce convincing but false references, so every citation must be independently verified., Became aware of AI’s unpredictable reliability and the ethical duty to check its outputs to prevent spreading misinformation."
R005,"Working on these two written assignments taught me a lot about what generative AI is capable of. Before this course, I mostly used AI to quickly summarize or write a text, but I hadn’t really thought ...","Learned that AI can quickly produce outlines and draft text but frequently generates inaccurate citations and oversimplifies complex ideas. Shifted from treating AI as a shortcut to seeing it as a collaborative assistant that must be verified and integrated with critical thinking. Became aware that unchecked AI output can spread misinformation and erode personal academic skills, prompting a commitment to actively verify and responsibly use AI.",Learned that AI can quickly produce outlines and draft text but frequently generates inaccurate citations and oversimplifies complex ideas.,"Learned that AI can quickly produce outlines and draft text but frequently generates inaccurate citations and oversimplifies complex ideas., Became aware that unchecked AI output can spread misinformation and erode personal academic skills, prompting a commitment to actively verify and responsibly use AI."
R006,"Throughout the two assignments, I have developed a clearer understanding of both the limitations and success of AI. AI is a powerful tool for generating ideas, however, the ideas are lacking crucial i...","Discovered that AI can spark ideas but frequently lacks critical cultural and scientific details, so supplemental research with credible sources is necessary. Shifted to a selective stance, using AI primarily for grammar, coherence, and targeted feedback rather than relying on it for substantive content. Became aware of AI’s high water and power consumption, leading to a commitment to employ AI only when it provides clear academic or practical value.","Discovered that AI can spark ideas but frequently lacks critical cultural and scientific details, so supplemental research with credible sources is necessary.","Discovered that AI can spark ideas but frequently lacks critical cultural and scientific details, so supplemental research with credible sources is necessary., Became aware of AI’s high water and power consumption, leading to a commitment to employ AI only when it provides clear academic or practical value."
R007,"Working on both assignments really helped me understand what generative AI can and can't do in academic work. At first, I thought AI was just a quick and efficient way to create well-structured texts....","Learned that AI can produce clear drafts but frequently includes factual inaccuracies and fabricated citations, so every claim must be verified against reliable sources. Shifted from viewing AI as a shortcut to treating it as a supportive first‑draft tool, taking responsibility for checking and correcting its output. Became aware of AI’s ethical and environmental impacts, leading to a commitment to transparent citation, sustainable use, and critical evaluation of AI‑generated content.","Learned that AI can produce clear drafts but frequently includes factual inaccuracies and fabricated citations, so every claim must be verified against reliable sources.","Learned that AI can produce clear drafts but frequently includes factual inaccuracies and fabricated citations, so every claim must be verified against reliable sources., Became aware of AI’s ethical and environmental impacts, leading to a commitment to transparent citation, sustainable use, and critical evaluation of AI‑generated content."
R008,"Through these two assignments, I have learned that generative AI can be a valuable academic tool when used intentionally and critically. I have been using AI to help me organize my thoughts, understan...","Learned that AI can generate organized summaries but often omits nuance and may create false or incomplete references that must be verified. Shifted to treating AI as a supplemental aid rather than a primary source, prioritizing personal analysis and critical evaluation. Became aware of AI’s high energy consumption and potential for misinformation, motivating more responsible and selective use.",Learned that AI can generate organized summaries but often omits nuance and may create false or incomplete references that must be verified.,"Learned that AI can generate organized summaries but often omits nuance and may create false or incomplete references that must be verified., Became aware of AI’s high energy consumption and potential for misinformation, motivating more responsible and selective use."
R009,"Using generative AI for this assignment helped me to quickly create a clear structure and identify relevant sources. It was useful as a starting point, but I realised that the AI tends to simplify com...","Discovered that generative AI can quickly produce outlines and citation lists but often simplifies concepts and may generate inaccurate references. Adopted a more critical stance, now committing to verify and rewrite AI‑generated material to ensure accuracy and academic integrity. Became aware of broader issues such as misinformation risk and the environmental cost of AI, leading to a pledge to use the technology responsibly.",Discovered that generative AI can quickly produce outlines and citation lists but often simplifies concepts and may generate inaccurate references.,"Discovered that generative AI can quickly produce outlines and citation lists but often simplifies concepts and may generate inaccurate references., Became aware of broader issues such as misinformation risk and the environmental cost of AI, leading to a pledge to use the technology responsibly."
R010,Through the assignments about generative AI I have learned a lot about the capabilities and limitations of generative AI programs. I realized how helpful AI can be as a tool to easily find articles th...,"Recognized that generative AI can efficiently locate articles and spark new ideas, but also frequently supplies false sources or misleading extensions of information. Shifted from seeing AI as a reliable shortcut to adopting a cautious stance that requires verifying every AI‑generated claim before use. Developed awareness of wider consequences—such as erosion of critical thinking skills and high energy consumption—leading to a plan to employ AI selectively and always cross‑check its outputs.","Recognized that generative AI can efficiently locate articles and spark new ideas, but also frequently supplies false sources or misleading extensions of information.",Developed awareness of wider consequences—such as erosion of critical thinking skills and high energy consumption—leading to a plan to employ AI selectively and always cross‑check its outputs.
R011,"AI helps to give the broad view of articles, explain difficult context in an simplified way, consistent way of context creating and improve the flow of writing. It has weaknesses too. it can leave out...","Learned to treat AI output as a draft that must be cross‑checked against reliability criteria such as peer review, journal reputation, author credentials, and funding sources. Adopted a more cautious, purpose‑driven stance toward AI, seeing it as a helpful organizer but not a substitute for critical evaluation. Recognized that AI can streamline information flow yet may present confident errors, highlighting the ethical need for evidence‑based verification.","Learned to treat AI output as a draft that must be cross‑checked against reliability criteria such as peer review, journal reputation, author credentials, and funding sources.","Learned to treat AI output as a draft that must be cross‑checked against reliability criteria such as peer review, journal reputation, author credentials, and funding sources."
R012,"Before these assignments, I was already familiar with generative AI tools, but I mostly used them to help me understand concepts or explain difficult theories, not to produce written academic work. In...","Learned that AI‑generated citations often contain factual errors, mis‑represented findings, and outdated information that must be manually verified (DOI, title, conclusions). Adopted a more critical stance, seeing AI as a supportive aid for idea organization and study rather than a reliable source for graded writing. Recognized that rigorous source checking is essential for academic credibility and that human judgment must complement AI output.","Learned that AI‑generated citations often contain factual errors, mis‑represented findings, and outdated information that must be manually verified (DOI, title, conclusions).","Learned that AI‑generated citations often contain factual errors, mis‑represented findings, and outdated information that must be manually verified (DOI, title, conclusions)."
R013,"If I reflect on how I used AI on my previous schoolwork, it was mainly for summarizing big texts, getting new ideas, tips on how I can improve my work or errors in spelling. Now, after making these as...","Discovered that generative AI can produce complete passages with fabricated references, revealing its capacity to “think” and also to hallucinate. Shifted from casual reliance to a more cautious, critical stance, planning to limit use to low‑stakes tasks like grammar checking. Developed awareness of AI’s hidden costs, especially energy consumption, and the responsibility to verify outputs and model sustainable usage for peers.","Discovered that generative AI can produce complete passages with fabricated references, revealing its capacity to “think” and also to hallucinate.","Discovered that generative AI can produce complete passages with fabricated references, revealing its capacity to “think” and also to hallucinate., Developed awareness of AI’s hidden costs, especially energy consumption, and the responsibility to verify outputs and model sustainable usage for peers."
R014,"One of the most “eye-opening” insights gained from writing the assignments for the Psychopathology and Prevention course is how truly unpredictable the AI output proved itself to be. That is, when ana...","Learned that AI can produce both accurate, peer‑reviewed references and entirely fabricated ones, exposing its unpredictable reliability. Adopted a more cautious stance, now using AI as a supplementary tool and systematically checking its outputs before accepting them. Became aware that AI often oversimplifies nuanced subjects, prompting the practice of grounding prompts in pre‑validated knowledge to uncover deeper insights.","Learned that AI can produce both accurate, peer‑reviewed references and entirely fabricated ones, exposing its unpredictable reliability.","Learned that AI can produce both accurate, peer‑reviewed references and entirely fabricated ones, exposing its unpredictable reliability., Became aware that AI often oversimplifies nuanced subjects, prompting the practice of grounding prompts in pre‑validated knowledge to uncover deeper insights."
R015,"Through completing the two written assignments in this course, I have gained a deeper understanding of both the capabilities and limitations of generative AI. I was impressed by how quickly AI can pro...","Recognized that generative AI can quickly produce well‑structured, referenced academic text but also tends to overgeneralize and make unsupported interpretive leaps. Shifted from viewing AI as an autonomous writer to treating it as a supportive drafting tool that must be cross‑checked and supplemented with personal critical analysis. Became aware of broader ethical and environmental implications, prompting a more cautious, responsible use that integrates verification, critical thinking, and sustainability considerations.","Recognized that generative AI can quickly produce well‑structured, referenced academic text but also tends to overgeneralize and make unsupported interpretive leaps.","Became aware of broader ethical and environmental implications, prompting a more cautious, responsible use that integrates verification, critical thinking, and sustainability considerations."
R016,"These assignments just reassured to me that it is important to take generative AI with a grain of salt, because it can not be fully trusted. In my studies so far I have used it to check my grammar and...","The student learned that generative AI can produce seemingly reliable references but must be rigorously fact‑checked because it often overstates, simplifies, or fabricates details. Their attitude shifted from treating AI as a primary research source to using it only as a supplemental aid for quick overviews, paraphrasing, and idea framing while maintaining skepticism. They developed awareness of broader risks—skill erosion, misinformation spread, and substantial environmental costs—and now intend to limit prompts and verify all outputs.","The student learned that generative AI can produce seemingly reliable references but must be rigorously fact‑checked because it often overstates, simplifies, or fabricates details.","The student learned that generative AI can produce seemingly reliable references but must be rigorously fact‑checked because it often overstates, simplifies, or fabricates details., They developed awareness of broader risks—skill erosion, misinformation spread, and substantial environmental costs—and now intend to limit prompts and verify all outputs."
R017,"These assignments helped me realize that AI is a lot more accurate than I believed it was. Especially in this assignment, AI showed an incredible performance in covering all the important points in it...","Learned that AI can reliably locate accurate sources and produce comprehensive summaries, disproving the belief that it always fabricates citations. Shifted to a cautious but appreciative stance, seeing AI as a helpful aid that must be verified and used selectively. Became aware of AI’s environmental and ethical costs, planning to employ it only when essential for sourcing or gaining new perspectives.","Learned that AI can reliably locate accurate sources and produce comprehensive summaries, disproving the belief that it always fabricates citations.","Learned that AI can reliably locate accurate sources and produce comprehensive summaries, disproving the belief that it always fabricates citations., Became aware of AI’s environmental and ethical costs, planning to employ it only when essential for sourcing or gaining new perspectives."
R018,"Using generative Ai is something that has been deeply frowned upon in my original course. Since I am majoring in Literature and Society, the importance of subjective and independent thought is pushed ...","Recognized that generative AI is useful for summarizing data and organizing information but unsuitable for producing original, subjective literary analysis. Shifted from viewing AI as broadly unethical in humanities to adopting a nuanced, cautious stance that treats it as a supportive tool requiring verification. Developed awareness of AI‑induced bias, source unreliability, and the overlooked environmental impact of large‑scale model deployments.","Recognized that generative AI is useful for summarizing data and organizing information but unsuitable for producing original, subjective literary analysis.","Developed awareness of AI‑induced bias, source unreliability, and the overlooked environmental impact of large‑scale model deployments."
R019,"Through these two assignments, I have developed a clearer understanding of what should I look at, when I want to see the validity of the source of an article, which I find quite useful. I have also de...","Learned to verify article sources and recognize that generative AI can produce fabricated or biased references. Adopted a critical stance, using AI primarily for brainstorming and clarity while avoiding reliance on it as an authoritative source. Became aware of AI’s high energy and water consumption, prompting reduced use and heightened concern for ethical and environmental impacts.",Learned to verify article sources and recognize that generative AI can produce fabricated or biased references.,"Learned to verify article sources and recognize that generative AI can produce fabricated or biased references., Became aware of AI’s high energy and water consumption, prompting reduced use and heightened concern for ethical and environmental impacts."
R020,"Through these two assignments, I have learned a lot about both the usefulness and the limitations of generative AI in academic work. Before these assignments I perceived AI mainly as a time-saving too...","I learned that generative AI can create convincing scientific‑sounding text but often fabricates details or over‑generalises, so every output must be verified against reliable sources. My attitude shifted from seeing AI mainly as a time‑saving shortcut to treating it as a supplemental tool that requires critical evaluation before use. I became aware of the ethical, environmental, and skill‑erosion risks of over‑reliance on AI, prompting a more responsible and limited use.","I learned that generative AI can create convincing scientific‑sounding text but often fabricates details or over‑generalises, so every output must be verified against reliable sources.","I learned that generative AI can create convincing scientific‑sounding text but often fabricates details or over‑generalises, so every output must be verified against reliable sources., I became aware of the ethical, environmental, and skill‑erosion risks of over‑reliance on AI, prompting a more responsible and limited use."
R021,"Throughout both assignments, I used two different generative AI tools, namely Perplexity AI and ChatGPT. I had not heard of the first one prior to this assignment, so I decided to explore its capabili...","Discovered that both Perplexity AI and ChatGPT can produce inaccurate or fabricated citations, requiring explicit source verification. Adopted a more cautious, skeptical attitude toward AI outputs, no longer accepting generated text at face value. Gained awareness of the environmental impact of generative AI and the risk that reliance on such tools may diminish human creativity and independent thinking.","Discovered that both Perplexity AI and ChatGPT can produce inaccurate or fabricated citations, requiring explicit source verification.","Discovered that both Perplexity AI and ChatGPT can produce inaccurate or fabricated citations, requiring explicit source verification., Gained awareness of the environmental impact of generative AI and the risk that reliance on such tools may diminish human creativity and independent thinking."
R022,"Using AI during this work showed that it can be a decent tool to help looking for the requiered literature, especially if given details, such as year or years of publication and topic. From one side, ...","Learned that AI can efficiently locate relevant literature with detailed prompts, yet every retrieved source must be verified for suitability and reliability. Shifted to a cautious stance, treating AI as a supplemental aid for summarizing and editing rather than a fully trustworthy research engine. Became aware of AI’s environmental costs and misinformation risk, prompting intentional, checked use only when needed.","Learned that AI can efficiently locate relevant literature with detailed prompts, yet every retrieved source must be verified for suitability and reliability.","Learned that AI can efficiently locate relevant literature with detailed prompts, yet every retrieved source must be verified for suitability and reliability., Became aware of AI’s environmental costs and misinformation risk, prompting intentional, checked use only when needed."
R023,"The two written assignments provided insight into how generative AI can be applied in education when used with caution and awareness. Within academic contexts, AI systems can be helpful for summarizin...","Learned that generative AI can efficiently summarize psychological theories and help organize complex research topics. Shifted to viewing AI as a supportive learning aid that must be verified, not a substitute for human analysis. Became aware of the risk of misinformation and now insists on checking original peer‑reviewed sources for accuracy.",Learned that generative AI can efficiently summarize psychological theories and help organize complex research topics.,"Learned that generative AI can efficiently summarize psychological theories and help organize complex research topics., Became aware of the risk of misinformation and now insists on checking original peer‑reviewed sources for accuracy."
R024,"In completing these assignments, I gained a deeper understanding of both the capabilities andlimitations of generative AI programs (especially OpenAI, 2025) in academic contexts. I have alwaysused AI ...","The student recognized that generative AI often produces fabricated references and overly general claims, requiring rigorous source verification. Their confidence grew in using AI as a structured, complementary tool while maintaining a critical, transparent, and ethically responsible approach. They became aware of broader societal and environmental impacts of AI, highlighting the need for dedicated education on sustainable and ethical AI use.","The student recognized that generative AI often produces fabricated references and overly general claims, requiring rigorous source verification.","They became aware of broader societal and environmental impacts of AI, highlighting the need for dedicated education on sustainable and ethical AI use."
R025,"This whole process has given me valuable insight into how generative programs operate and utilize the material of the sources. Evidently, the AI makes several errors in interpreting the conclusions of...","The student discovered that generative AI frequently misinterprets source conclusions, leading to inaccurate representations. They now reject using AI to produce full scholarly texts and will treat it only as a supplementary summarizing tool. They will systematically verify AI‑generated summaries against original articles and remain conscious of its environmental impact.","The student discovered that generative AI frequently misinterprets source conclusions, leading to inaccurate representations.","The student discovered that generative AI frequently misinterprets source conclusions, leading to inaccurate representations."
R026,"I have previously used generative AI to aid in my assignments and education; however, these assignments truly expanded my understanding of platforms like ChatGPT and surprised me by showing that they ...","Discovered that AI‑generated citations are often fabricated or altered, requiring independent verification of sources. Shifted from trusting AI outputs to a consistently skeptical stance, planning to question and cross‑check every answer. Recognized the ethical, misinformation, and environmental risks of generative AI, leading to reduced reliance on AI for basic facts and greater use of traditional research methods.","Discovered that AI‑generated citations are often fabricated or altered, requiring independent verification of sources.","Discovered that AI‑generated citations are often fabricated or altered, requiring independent verification of sources."
R027,"The two written assignments of this course have provided crucial understanding for me personally to understand the role of generative AI (GAI) in the academic setting. Unlike previous, less structured...","Learned that generative AI can quickly generate accurate summaries and APA‑style formatting, yet often supplies faulty details and cannot perform higher‑order synthesis. Shifted to a verification‑heavy, hybrid workflow that uses AI for routine drafting and cross‑referencing while reserving human judgment for concept integration and critical analysis. Became aware of broader ethical issues—including misinformation risk and high energy consumption—leading to a more selective and responsible approach to AI use.","Learned that generative AI can quickly generate accurate summaries and APA‑style formatting, yet often supplies faulty details and cannot perform higher‑order synthesis.","Learned that generative AI can quickly generate accurate summaries and APA‑style formatting, yet often supplies faulty details and cannot perform higher‑order synthesis., Became aware of broader ethical issues—including misinformation risk and high energy consumption—leading to a more selective and responsible approach to AI use."
R028,"Working with generative AI across these two assignments has given me a deeper appreciation of both its capabilities and its limitations. On the positive side, AI can produce concise summaries, generat...","Learned to verify AI‑generated references and use precise prompts to obtain reliable, APA‑style drafts. Shifted from treating AI as a “ready‑made answer” to viewing it as a collaborative brainstorming tool that requires critical oversight. Became aware of AI’s ethical and environmental impacts, prompting a balanced, intentional approach that includes cross‑checking and reflective judgment.","Learned to verify AI‑generated references and use precise prompts to obtain reliable, APA‑style drafts.","Learned to verify AI‑generated references and use precise prompts to obtain reliable, APA‑style drafts., Became aware of AI’s ethical and environmental impacts, prompting a balanced, intentional approach that includes cross‑checking and reflective judgment."
R029,"Through these two assignments, I have learned that generative AI can be both a powerful academic tool and a potential source of misinformation if used without critical thinking. At first, I was impres...","Learned that generative AI can quickly produce coherent text but often includes inaccurate information and fabricated citations. Shifted from initial enthusiasm to a skeptical stance, now insisting on actively questioning and fact‑checking AI outputs. Recognized that AI is best used as a collaborative partner for brainstorming and drafting, while deeper understanding and critical evaluation must remain the user’s responsibility.",Learned that generative AI can quickly produce coherent text but often includes inaccurate information and fabricated citations.,Learned that generative AI can quickly produce coherent text but often includes inaccurate information and fabricated citations.
R030,"Due to the analytic nature of these assignments, I felt like I had to go more in-depth in terms of the evaluation of AI outputs. It also brought a lot of awareness as I did not know that AI can make u...","Discovered that generative AI can fabricate sources, requiring systematic cross‑checking of citations. Shifted from a superficial reliance on AI to a habit of rigorously evaluating and verifying AI‑generated content. Recognized broader societal risks, especially to children’s literacy, leading to a stance that schools should limit AI use for younger learners.","Discovered that generative AI can fabricate sources, requiring systematic cross‑checking of citations.","Discovered that generative AI can fabricate sources, requiring systematic cross‑checking of citations."
R031,"I had never previously used AI to generate complete texts for me. My experience with it was limited to improving my writing and finding research papers. Therefore, it was interesting to observe how mu...","Learned that AI‑generated content frequently omits reliable sources and may present inaccurate or fabricated information. Shifted attitude to treat AI as a supplemental aid for initial overviews and paper discovery, requiring careful verification of any claims. Developed awareness of AI’s environmental costs and the ethical imperative to limit use while preserving personal learning and skill development.",Learned that AI‑generated content frequently omits reliable sources and may present inaccurate or fabricated information.,"Learned that AI‑generated content frequently omits reliable sources and may present inaccurate or fabricated information., Developed awareness of AI’s environmental costs and the ethical imperative to limit use while preserving personal learning and skill development."
R032,"As a Gen-Z university student I am constantly exposed to AI in my daily use of technology, whether I like it or not. However, before completing this assignment I had never used ChatGPT, or any similar...","Discovered that AI‑generated references are often fabricated, prompting the need to verify sources manually. Strengthened skepticism toward using generative AI in coursework and resolved to avoid it for academic writing. Developed sharper critical‑evaluation skills and heightened awareness of AI’s ethical, environmental, and societal risks.","Discovered that AI‑generated references are often fabricated, prompting the need to verify sources manually.","Discovered that AI‑generated references are often fabricated, prompting the need to verify sources manually., Developed sharper critical‑evaluation skills and heightened awareness of AI’s ethical, environmental, and societal risks."
R033,This assignment was both significant and enjoyable. It felt like much more than a basic exercise in research skills. It actively challenged my perception of my own critical thinking and taught me a gr...,"Learned systematic methods for locating, validating, and evaluating academic articles and AI‑generated sources. Shifted attitude from viewing AI as a simple calculator to recognizing its complex influence and the necessity to limit over‑reliance. Became aware that AI outputs are often introductory and must be supplemented with deeper, multi‑source research for reliable understanding.","Learned systematic methods for locating, validating, and evaluating academic articles and AI‑generated sources.","Learned systematic methods for locating, validating, and evaluating academic articles and AI‑generated sources., Became aware that AI outputs are often introductory and must be supplemented with deeper, multi‑source research for reliable understanding."
R034,"Although I was previously already of the opinion that generative AI was not a sure and trustworthy way of writing essays, these two assignments further brought up that ChatGPT, or any AI service, can ...","Recognized that generative AI outputs are frequently unreliable and must be checked before use. Shifted from complete avoidance of AI‑generated essays to selective use of AI as a supplemental learning tool for clarifying complex lecture material. Realized that AI can aid understanding of difficult concepts but cannot replace personal critical thinking, judgment, or the unique voice of one’s own writing.",Recognized that generative AI outputs are frequently unreliable and must be checked before use.,"Realized that AI can aid understanding of difficult concepts but cannot replace personal critical thinking, judgment, or the unique voice of one’s own writing."
R035,"The two written assignments in this course have highlighted the capabilities, contrasted by harmful limitations deriving from AI generative texts. The AI texts provided structured and quick responses ...","Learned that AI‑generated text must be fact‑checked against original, peer‑reviewed sources before it can be used in academic work. Shifted to a cautious, strategic stance that treats AI as a supportive tool for summarizing concepts and brainstorming, not as a substitute for critical analysis. Recognized the ethical dimensions of AI use, including misinformation risks and environmental costs, prompting a commitment to responsible, verification‑focused practices.","Learned that AI‑generated text must be fact‑checked against original, peer‑reviewed sources before it can be used in academic work.","Learned that AI‑generated text must be fact‑checked against original, peer‑reviewed sources before it can be used in academic work."
R036,"While making these assignments, I have learned that AI-generated text is really prompt- and data- dependent and can be inaccurate in a non-obvious way. While allowing to analyze big amount of informat...","Discovered that AI‑generated text heavily depends on prompt wording and training data, leading to hidden inaccuracies. Shifted to a more skeptical stance, recognizing that rapid information synthesis does not guarantee correctness. Gained awareness that even plausible details must be verified because AI can misreport facts subtly.","Discovered that AI‑generated text heavily depends on prompt wording and training data, leading to hidden inaccuracies.","Discovered that AI‑generated text heavily depends on prompt wording and training data, leading to hidden inaccuracies., Gained awareness that even plausible details must be verified because AI can misreport facts subtly."
R037,"Working with generative AI on the assignment has allowed me to get a more precise understanding of its advantages and disadvantages. On one hand, AI can quickly and efficiently scan scholarly papers t...","Learned that generative AI can quickly summarize and integrate multiple scholarly sources, yet often overgeneralizes, omits details, and lacks data‑backed evidence. Adopted a more cautious stance, committing to fact‑check AI‑generated content and to use the tool primarily for brainstorming, outlining, and clarity checks rather than accepting statements at face value. Developed awareness of AI’s environmental costs and misinformation risk, leading to a pledge to minimize unnecessary AI use and maintain transparency about when and how it is employed.","Learned that generative AI can quickly summarize and integrate multiple scholarly sources, yet often overgeneralizes, omits details, and lacks data‑backed evidence.","Learned that generative AI can quickly summarize and integrate multiple scholarly sources, yet often overgeneralizes, omits details, and lacks data‑backed evidence., Developed awareness of AI’s environmental costs and misinformation risk, leading to a pledge to minimize unnecessary AI use and maintain transparency about when and how it is employed."
R038,"Through these assignments, I have developed a more critical and reflective understanding of generative AI, its potential as a learning tool and its limitations. Before this course, I used AI mainly as...","Learned to rigorously verify AI‑generated information and detect fabricated references. Shifted from treating AI as a convenience to using it deliberately as a collaborative, ethically bounded tool. Developed awareness of AI’s carbon footprint, misinformation risk, and possible weakening of core academic skills, prompting a mindful and transparent approach.",Learned to rigorously verify AI‑generated information and detect fabricated references.,"Learned to rigorously verify AI‑generated information and detect fabricated references., Developed awareness of AI’s carbon footprint, misinformation risk, and possible weakening of core academic skills, prompting a mindful and transparent approach."
R039,"Throughout this assignment, I gained deeper understanding of how generative AI can be used thoughtfully in academic work. This task made me engage with AI in a more intentional and critical way. I rea...","Learned that generative AI can quickly summarize and organize research but frequently oversimplifies methodological details. Shifted to treating AI as a collaborative assistant that must be critically evaluated and complemented with personal interpretation. Developed awareness of ethical issues—including misinformation, overreliance, and environmental costs—and committed to using AI responsibly to support learning while maintaining academic integrity.",Learned that generative AI can quickly summarize and organize research but frequently oversimplifies methodological details.,"Learned that generative AI can quickly summarize and organize research but frequently oversimplifies methodological details., Developed awareness of ethical issues—including misinformation, overreliance, and environmental costs—and committed to using AI responsibly to support learning while maintaining academic integrity."
R040,"Nowadays, AI is indispensable in everyday life and also in science. For example, it can support learning by providing explanations, summarizing texts or helping to structure thoughts. It always has an...","Discovered that AI‑generated citations may be fabricated, so source accuracy cannot be assumed. Shifted from trusting ChatGPT as a primary answer to using it only as a supportive tool that must be verified. Became aware of AI’s environmental impact and the need to limit unnecessary use while preserving independent critical thinking.","Discovered that AI‑generated citations may be fabricated, so source accuracy cannot be assumed.","Discovered that AI‑generated citations may be fabricated, so source accuracy cannot be assumed., Became aware of AI’s environmental impact and the need to limit unnecessary use while preserving independent critical thinking."
R041,"After completing both assignments, my perspective on the use of generative AI has changed considerably. Before these assignments, I had not used generative AI in this academic context, mainly because ...","Learned to verify AI‑generated claims and detect oversimplified or fabricated interpretations. Shifted attitude to treat generative AI as a supportive aid—not a replacement—for academic writing. Developed awareness of AI’s bias, misinformation risk, data‑privacy concerns, and environmental cost, prompting intentional and responsible use.",Learned to verify AI‑generated claims and detect oversimplified or fabricated interpretations.,"Learned to verify AI‑generated claims and detect oversimplified or fabricated interpretations., Developed awareness of AI’s bias, misinformation risk, data‑privacy concerns, and environmental cost, prompting intentional and responsible use."
R042,"Before this course, I was already using generative AI tools like ChatGPT to help me understand complex psychological ideas in a simpler way. However, these two assignments showed me how to use AI even...","Learned that generative AI can simplify complex psychological theories and offer varied viewpoints, but its content must be verified against reliable sources. Shifted to seeing AI as a supportive study aid rather than a substitute for personal analysis, now routinely cross‑checking AI outputs with lecture notes and readings. Developed awareness of AI’s broader consequences, including high energy use and the risk of misinformation, prompting a mindful, purpose‑driven approach to its use.","Learned that generative AI can simplify complex psychological theories and offer varied viewpoints, but its content must be verified against reliable sources.","Learned that generative AI can simplify complex psychological theories and offer varied viewpoints, but its content must be verified against reliable sources., Developed awareness of AI’s broader consequences, including high energy use and the risk of misinformation, prompting a mindful, purpose‑driven approach to its use."
R043,"The capabilities of generative AI are both fascinating and somewhat alarming. Its ability to produce rapid, personalized outputs provides an efficient way to gather information and gain a general over...","Discovered that AI can generate convincingly false citations, prompting the need to verify every output. Shifted from using AI as a primary solution to treating it as a supplemental tool, deliberately limiting reliance. Became aware of AI’s environmental cost and the importance of preserving critical and creative thinking for future psychological practice.","Discovered that AI can generate convincingly false citations, prompting the need to verify every output.","Discovered that AI can generate convincingly false citations, prompting the need to verify every output., Became aware of AI’s environmental cost and the importance of preserving critical and creative thinking for future psychological practice."
R044,"Generative AI is widely used, mostly by students, unknowing of its limitations and blinded by its capabilities. These two assignments made me aware of both. Before, I had only used generative AI to su...","Learned that generative AI can produce highly accurate content beyond summarization, with only minor referencing errors. Shifted from fearing AI to embracing it as a useful tool, committing to verify its output rather than avoid it. Became aware that unchecked reliance can undermine critical thinking, so will use AI for brainstorming after forming personal judgments and will always fact‑check sources.","Learned that generative AI can produce highly accurate content beyond summarization, with only minor referencing errors.","Learned that generative AI can produce highly accurate content beyond summarization, with only minor referencing errors., Became aware that unchecked reliance can undermine critical thinking, so will use AI for brainstorming after forming personal judgments and will always fact‑check sources."
R045,"Through the two written generative AI assignments in this course, I learned a lot on how to utilize AI without relying on it, and divulging wrong information; having a clearer idea of its limitations ...","Learned to verify AI‑generated citations and recognize that the tool can produce plausible but shallow academic content. Shifted from casual reliance to a deliberate, critical stance, using AI only as a brainstorming and explanatory aid after checking its output. Became aware of AI’s misinformation risk and environmental cost, committing to responsible use and continual cross‑checking with primary sources.",Learned to verify AI‑generated citations and recognize that the tool can produce plausible but shallow academic content.,"Learned to verify AI‑generated citations and recognize that the tool can produce plausible but shallow academic content., Became aware of AI’s misinformation risk and environmental cost, committing to responsible use and continual cross‑checking with primary sources."
R046,"Before these assignments, I had used generative AI primarily to improve the structure, consistency, and clarity of my own writing. Occasionally, I also used it to summarize articles or find scientific...","Learned to rigorously verify AI‑generated citations, recognizing that the chatbot often blends findings from unreferenced sources. Shifted to a more cautious stance, treating AI as a helpful but imperfect tool that requires follow‑up questions and cross‑checking. Developed awareness of AI’s environmental costs and the importance of providing detailed prompts to minimize irrelevant or inaccurate output.","Learned to rigorously verify AI‑generated citations, recognizing that the chatbot often blends findings from unreferenced sources.","Learned to rigorously verify AI‑generated citations, recognizing that the chatbot often blends findings from unreferenced sources., Developed awareness of AI’s environmental costs and the importance of providing detailed prompts to minimize irrelevant or inaccurate output."
R047,"Before these assignments, I had never used AI to summarize entire scientific articles. Usually, I prefer to read papers on my own, take notes, and then, if necessary, use AI to help me organize ideas ...","Discovered that AI can efficiently summarize complex scientific articles but frequently exaggerates causal relationships and includes inaccurate citations. Shifted to treating AI solely as a supportive, secondary aid rather than a primary source for generating or interpreting research. Recognized the necessity of rigorously verifying AI‑generated claims and staying actively involved to safeguard academic integrity and critical thinking skills.",Discovered that AI can efficiently summarize complex scientific articles but frequently exaggerates causal relationships and includes inaccurate citations.,Discovered that AI can efficiently summarize complex scientific articles but frequently exaggerates causal relationships and includes inaccurate citations.
R048,"Through the assignments, I learned to detect the weaknesses and strengths of AI, in this case, ChatGPT. First, I found it hard to be able to critically evaluate such a complex model, and I thought to ...","Discovered that AI can produce both accurate citations and fabricated sources, requiring verification of every claim. Shifted from trusting AI outputs to treating the tool as a supplemental aid that must be cross‑checked before use. Gained awareness of factors influencing AI reliability (e.g., data availability) and of broader ethical and environmental implications of AI deployment.","Discovered that AI can produce both accurate citations and fabricated sources, requiring verification of every claim.","Discovered that AI can produce both accurate citations and fabricated sources, requiring verification of every claim., Gained awareness of factors influencing AI reliability (e.g., data availability) and of broader ethical and environmental implications of AI deployment."
R049,"In my case the two written assignments focused on reviewing the reliability of generative AI in academic context differed from each other quite a lot, which allowed me to see both its capabilities and...","Recognized that generative AI reliably summarizes general ideas but often fails on detailed, accurate scientific writing. Adopted a more cautious stance, planning to use AI only for initial research and to verify all generated information. Developed heightened awareness of AI’s environmental impact, ethical concerns, and the risk of over‑dependence, leading to intentional limited use.","Recognized that generative AI reliably summarizes general ideas but often fails on detailed, accurate scientific writing.","Developed heightened awareness of AI’s environmental impact, ethical concerns, and the risk of over‑dependence, leading to intentional limited use."
R050,"Working with generative AI for both of these assignments has given me a much better sense of its capabilities and limitations. I am a relatively new AI-user and through these exercises, I have seen ho...","Learned that generative AI can rapidly locate and summarize scholarly articles, yet it frequently omits nuanced details and can over‑generalize findings. Shifted from being fervently opposed to AI to viewing it as a useful aid that must be paired with critical verification and personal interpretation. Recognized the necessity of establishing clear guidelines and consistently checking original sources to prevent the spread of inaccurate or misleading information.","Learned that generative AI can rapidly locate and summarize scholarly articles, yet it frequently omits nuanced details and can over‑generalize findings.","Learned that generative AI can rapidly locate and summarize scholarly articles, yet it frequently omits nuanced details and can over‑generalize findings."
R051,"Through these two written assignments about generative AI, I have learned that with enough knowledge, it is possible to use AI in a useful way. I personally believe that it can be really useful with f...","Learned that generative AI can reliably assist with source discovery and targeted summarization when its outputs are carefully checked. Shifted from seeing AI as a possible shortcut to adopting it as an ethical, supportive tool that requires deliberate, cautious use. Developed awareness of broader impacts—including energy consumption and potential skill erosion—leading to a more mindful, sustainable approach to AI in study work.",Learned that generative AI can reliably assist with source discovery and targeted summarization when its outputs are carefully checked.,"Learned that generative AI can reliably assist with source discovery and targeted summarization when its outputs are carefully checked., Developed awareness of broader impacts—including energy consumption and potential skill erosion—leading to a more mindful, sustainable approach to AI in study work."
R052,"Through the two written assignments in this course, I have developed a clearer understanding of both the capabilities and the limitations of generative AI. It became evident that AI can serve as a val...","Learned that generative AI can assist with tasks like phrasing and literature scouting, but it frequently produces inaccurate or fabricated references. Shifted to a cautious, intentional stance, treating AI as a supportive tool that must be verified rather than an unquestioned authority. Became aware of broader consequences—including cognitive skill erosion and high energy consumption—prompting a commitment to preserve critical thinking and verify AI outputs.","Learned that generative AI can assist with tasks like phrasing and literature scouting, but it frequently produces inaccurate or fabricated references.","Learned that generative AI can assist with tasks like phrasing and literature scouting, but it frequently produces inaccurate or fabricated references., Became aware of broader consequences—including cognitive skill erosion and high energy consumption—prompting a commitment to preserve critical thinking and verify AI outputs."
R053,"I had talked about this in the questionnaire that we had to do for this course, but actually starting this year, I put a ban on myself using AI, specifically ChatGPT because I never used a different k...","Learned that generative AI can retrieve correct sources and summarize well, yet also fabricate citations and give inconsistent details, requiring careful verification. Shifted attitude to restrict AI use to low‑complexity, repetitive tasks, reinforcing confidence in personal research and writing abilities. Developed awareness of AI’s environmental cost and societal dependence, strengthening a commitment to limit reliance and preserve human critical thinking.","Learned that generative AI can retrieve correct sources and summarize well, yet also fabricate citations and give inconsistent details, requiring careful verification.","Learned that generative AI can retrieve correct sources and summarize well, yet also fabricate citations and give inconsistent details, requiring careful verification., Developed awareness of AI’s environmental cost and societal dependence, strengthening a commitment to limit reliance and preserve human critical thinking."
R054,"Through the two written assignments in this course, I have developed a clearer understanding of both the capabilities and limitations of generative AI. Using ChatGPT to generate a scholarly text revea...","Discovered that generative AI can reliably generate accurate citations and locate relevant peer‑reviewed papers, yet often produces incomplete or inaccurate summaries. Shifted to seeing AI as a useful research aid for information gathering and drafting, while insisting that interpretation, critical evaluation, and synthesis remain human responsibilities. Recognized the need to master prompt engineering and systematic verification, and concluded that education should focus on teaching responsible, critical use of AI tools.","Discovered that generative AI can reliably generate accurate citations and locate relevant peer‑reviewed papers, yet often produces incomplete or inaccurate summaries.","Discovered that generative AI can reliably generate accurate citations and locate relevant peer‑reviewed papers, yet often produces incomplete or inaccurate summaries."
R055,"Generative AI can be a useful tool for brainstorming assignments, asking questions, and providing explanations, and it is highly effective as a search tool. However, AI has many downsides; it tends to...","I learned that generative AI can help generate ideas and explanations, yet it frequently fails to cite sources, provide nuanced reasoning, or demonstrate true analytical skill. My attitude shifted from seeing AI as a convenient shortcut to treating it as a conversational partner that must be carefully directed, questioned, and corrected. I became aware of AI’s significant environmental carbon footprint and its broader societal risks—misinformation, plagiarism, and erosion of problem‑solving skills—prompting me to limit its use to occasional, purpose‑driven occasions.","I learned that generative AI can help generate ideas and explanations, yet it frequently fails to cite sources, provide nuanced reasoning, or demonstrate true analytical skill.","I learned that generative AI can help generate ideas and explanations, yet it frequently fails to cite sources, provide nuanced reasoning, or demonstrate true analytical skill., I became aware of AI’s significant environmental carbon footprint and its broader societal risks—misinformation, plagiarism, and erosion of problem‑solving skills—prompting me to limit its use to occasional, purpose‑driven occasions."
R056,"Over the last two assignments, I learnt a lot about generative AI – what its benefits are and what its limitations are. In the first assignment, AI gave me some correct sources, but the meaning and th...","Discovered that generative AI frequently invents or distorts sources and summaries, so every output must be checked for accuracy. Adopted a skeptical, limited-use attitude, reserving AI only for grammar polishing and superficial summarization rather than substantive research. Recognized AI’s large energy consumption and broader ethical risks, prompting a call for intentional use, education, and stricter regulation.","Discovered that generative AI frequently invents or distorts sources and summaries, so every output must be checked for accuracy.","Discovered that generative AI frequently invents or distorts sources and summaries, so every output must be checked for accuracy."
R057,"Through the two written assignments, I have expanded my knowledge on GenAI, especially its strengths and weaknesses. While I was aware of the possibility of any AI generated statement to be false, I n...","Learned to spot half‑truths and fabricated details in AI‑generated content by cross‑checking with original sources. Now treats generative AI as a helpful research and formatting tool, but rejects it as a trustworthy fact‑checking or paper‑writing engine. Recognizes that excessive reliance on AI could erode critical thinking skills needed for future mental‑health practice.",Learned to spot half‑truths and fabricated details in AI‑generated content by cross‑checking with original sources.,Learned to spot half‑truths and fabricated details in AI‑generated content by cross‑checking with original sources.
R058,"This assignment has me helped gain deeper understanding of how artificial intelligence gathers, synthesizes, and presents information. From previous experience I already knew that large language model...","Learned that generative AI is useful for drafting and polishing text but must be treated as a source‑verification step rather than a primary researcher. Adopted a more critical stance, now insisting on manual fact‑checking and nuanced analysis instead of relying on AI‑generated details. Became aware of the environmental impact and misinformation amplification risks, committing to transparent, sustainable, and limited AI use in future work.",Learned that generative AI is useful for drafting and polishing text but must be treated as a source‑verification step rather than a primary researcher.,"Learned that generative AI is useful for drafting and polishing text but must be treated as a source‑verification step rather than a primary researcher., Became aware of the environmental impact and misinformation amplification risks, committing to transparent, sustainable, and limited AI use in future work."
R059,"Through the two written assignments about sleep and social support, I have learned a lot about the strengths and limits of generative AI. Before this course, I had only used AI tools like ChatGPT to s...","Learned that generative AI can quickly produce well‑structured academic drafts and spark ideas, yet it frequently fabricates references and mixes up study details. Shifted from using AI to “do” work to treating it as a thinking partner, insisting on personal verification of all facts and citations. Became aware of broader ethical and environmental impacts—misinformation risk and high energy use—leading to a commitment to responsible, sustainable AI practices.","Learned that generative AI can quickly produce well‑structured academic drafts and spark ideas, yet it frequently fabricates references and mixes up study details.","Learned that generative AI can quickly produce well‑structured academic drafts and spark ideas, yet it frequently fabricates references and mixes up study details., Became aware of broader ethical and environmental impacts—misinformation risk and high energy use—leading to a commitment to responsible, sustainable AI practices."
