id,text,keywords,keywords_list,num_keywords
R001,"Reflecting on the two written assignments, I think it is safe to say that I was positively surprised with how accurate my generated texts were. I know that other students have entered the same prompts...","credible sources, critical evaluation, assistive use, article retrieval, practice questions","['credible sources', 'critical evaluation', 'assistive use', 'article retrieval', 'practice questions']",5
R002,"Working on these two assignments gave me useful insights about the strengths and the weaknesses of AI tools in academic work and beyond. On one hand, AI platforms like Perplexity and ChatGPT are incre...","fabricated references, source verification, ethical concerns, energy consumption, intentional use","['fabricated references', 'source verification', 'ethical concerns', 'energy consumption', 'intentional use']",5
R003,"These two writing assignments have given me more insight into what generative AI can and cannot do. Initially, I used AI for spelling and grammar, and as a handy tool for quickly writing texts and gen...","critical evaluation, source verification, ethical use, grammar assistance, ecological impact","['critical evaluation', 'source verification', 'ethical use', 'grammar assistance', 'ecological impact']",5
R004,"Through both assignments, I learned that using generative AI can be helpful for getting ideas, writing drafts, and finding academic sources, but it also has clear limitations. In the first assignment ...","fake references, source verification, unpredictable reliability, brainstorming assistance, ethical use","['fake references', 'source verification', 'unpredictable reliability', 'brainstorming assistance', 'ethical use']",5
R005,"Working on these two written assignments taught me a lot about what generative AI is capable of. Before this course, I mostly used AI to quickly summarize or write a text, but I hadn’t really thought ...","source verification, critical thinking, academic writing structure, misinformation risk, brainstorming assistance","['source verification', 'critical thinking', 'academic writing structure', 'misinformation risk', 'brainstorming assistance']",5
R006,"Throughout the two assignments, I have developed a clearer understanding of both the limitations and success of AI. AI is a powerful tool for generating ideas, however, the ideas are lacking crucial i...","information gaps, cultural context, grammar checking, environmental impact, research assistance","['information gaps', 'cultural context', 'grammar checking', 'environmental impact', 'research assistance']",5
R007,"Working on both assignments really helped me understand what generative AI can and can't do in academic work. At first, I thought AI was just a quick and efficient way to create well-structured texts....","scientific accuracy, citation verification, first draft, ethical concerns, critical thinking","['scientific accuracy', 'citation verification', 'first draft', 'ethical concerns', 'critical thinking']",5
R008,"Through these two assignments, I have learned that generative AI can be a valuable academic tool when used intentionally and critically. I have been using AI to help me organize my thoughts, understan...","critical evaluation, source verification, prompt quality, environmental impact, language development","['critical evaluation', 'source verification', 'prompt quality', 'environmental impact', 'language development']",5
R009,"Using generative AI for this assignment helped me to quickly create a clear structure and identify relevant sources. It was useful as a starting point, but I realised that the AI tends to simplify com...","structure generation, source verification, content rewriting, academic integrity, environmental impact","['structure generation', 'source verification', 'content rewriting', 'academic integrity', 'environmental impact']",5
R010,Through the assignments about generative AI I have learned a lot about the capabilities and limitations of generative AI programs. I realized how helpful AI can be as a tool to easily find articles th...,"source reliability, misinformation, idea generation, cognitive skills, energy consumption","['source reliability', 'misinformation', 'idea generation', 'cognitive skills', 'energy consumption']",5
R011,"AI helps to give the broad view of articles, explain difficult context in an simplified way, consistent way of context creating and improve the flow of writing. It has weaknesses too. it can leave out...","reliability checking, peer review, verification, simplified explanations, ethical use","['reliability checking', 'peer review', 'verification', 'simplified explanations', 'ethical use']",5
R012,"Before these assignments, I was already familiar with generative AI tools, but I mostly used them to help me understand concepts or explain difficult theories, not to produce written academic work. In...","source verification, citation errors, AI-generated inaccuracies, critical evaluation, human judgment","['source verification', 'citation errors', 'AI-generated inaccuracies', 'critical evaluation', 'human judgment']",5
R013,"If I reflect on how I used AI on my previous schoolwork, it was mainly for summarizing big texts, getting new ideas, tips on how I can improve my work or errors in spelling. Now, after making these as...","text summarization, fabricated references, energy consumption, critical evaluation, grammar assistance","['text summarization', 'fabricated references', 'energy consumption', 'critical evaluation', 'grammar assistance']",5
R014,"One of the most “eye-opening” insights gained from writing the assignments for the Psychopathology and Prevention course is how truly unpredictable the AI output proved itself to be. That is, when ana...","fabricated sources, oversimplification, critical evaluation, human‑AI collaboration, prompt complexity","['fabricated sources', 'oversimplification', 'critical evaluation', 'human‑AI collaboration', 'prompt complexity']",5
R015,"Through completing the two written assignments in this course, I have gained a deeper understanding of both the capabilities and limitations of generative AI. I was impressed by how quickly AI can pro...","critical thinking, verification, cultural nuance, environmental impact, time-saving tool","['critical thinking', 'verification', 'cultural nuance', 'environmental impact', 'time-saving tool']",5
R016,"These assignments just reassured to me that it is important to take generative AI with a grain of salt, because it can not be fully trusted. In my studies so far I have used it to check my grammar and...","critical thinking, fact checking, environmental impact, overreliance, grammar assistance","['critical thinking', 'fact checking', 'environmental impact', 'overreliance', 'grammar assistance']",5
R017,"These assignments helped me realize that AI is a lot more accurate than I believed it was. Especially in this assignment, AI showed an incredible performance in covering all the important points in it...","accurate performance, reliable sources, fabricated conclusions, critical reasoning, environmental impact","['accurate performance', 'reliable sources', 'fabricated conclusions', 'critical reasoning', 'environmental impact']",5
R018,"Using generative Ai is something that has been deeply frowned upon in my original course. Since I am majoring in Literature and Society, the importance of subjective and independent thought is pushed ...","authorial integrity, subjective analysis, bias in AI, environmental impact, source reliability","['authorial integrity', 'subjective analysis', 'bias in AI', 'environmental impact', 'source reliability']",5
R019,"Through these two assignments, I have developed a clearer understanding of what should I look at, when I want to see the validity of the source of an article, which I find quite useful. I have also de...","source validation, fabricated sources, AI bias, ethical concerns, critical engagement","['source validation', 'fabricated sources', 'AI bias', 'ethical concerns', 'critical engagement']",5
R020,"Through these two assignments, I have learned a lot about both the usefulness and the limitations of generative AI in academic work. Before these assignments I perceived AI mainly as a time-saving too...","fabricated details, critical evaluation, ethical concerns, energy consumption, overreliance on AI","['fabricated details', 'critical evaluation', 'ethical concerns', 'energy consumption', 'overreliance on AI']",5
R021,"Throughout both assignments, I used two different generative AI tools, namely Perplexity AI and ChatGPT. I had not heard of the first one prior to this assignment, so I decided to explore its capabili...","source verification, information reliability, energy consumption, tool comparison, creative autonomy","['source verification', 'information reliability', 'energy consumption', 'tool comparison', 'creative autonomy']",5
R022,"Using AI during this work showed that it can be a decent tool to help looking for the requiered literature, especially if given details, such as year or years of publication and topic. From one side, ...","literature search, time saving, source verification, energy consumption, misinformation risk","['literature search', 'time saving', 'source verification', 'energy consumption', 'misinformation risk']",5
R023,"The two written assignments provided insight into how generative AI can be applied in education when used with caution and awareness. Within academic contexts, AI systems can be helpful for summarizin...","summarizing research, accuracy verification, responsible use, human analysis, misinformation risk","['summarizing research', 'accuracy verification', 'responsible use', 'human analysis', 'misinformation risk']",5
R024,"In completing these assignments, I gained a deeper understanding of both the capabilities andlimitations of generative AI programs (especially OpenAI, 2025) in academic contexts. I have alwaysused AI ...","source verification, academic integrity, AI limitations, ethical AI education, energy consumption","['source verification', 'academic integrity', 'AI limitations', 'ethical AI education', 'energy consumption']",5
R025,"This whole process has given me valuable insight into how generative programs operate and utilize the material of the sources. Evidently, the AI makes several errors in interpreting the conclusions of...","interpretation errors, accuracy limitations, critical evaluation, energy consumption, summarizing tool","['interpretation errors', 'accuracy limitations', 'critical evaluation', 'energy consumption', 'summarizing tool']",5
R026,"I have previously used generative AI to aid in my assignments and education; however, these assignments truly expanded my understanding of platforms like ChatGPT and surprised me by showing that they ...","False citations, Source verification, Critical questioning, Misinformation risk, Energy consumption","['False citations', 'Source verification', 'Critical questioning', 'Misinformation risk', 'Energy consumption']",5
R027,"The two written assignments of this course have provided crucial understanding for me personally to understand the role of generative AI (GAI) in the academic setting. Unlike previous, less structured...","source verification, higher-order synthesis, human judgment, misinformation risk, energy consumption","['source verification', 'higher-order synthesis', 'human judgment', 'misinformation risk', 'energy consumption']",5
R028,"Working with generative AI across these two assignments has given me a deeper appreciation of both its capabilities and its limitations. On the positive side, AI can produce concise summaries, generat...","fabricated references, critical verification, prompt engineering, energy consumption, collaborative drafting","['fabricated references', 'critical verification', 'prompt engineering', 'energy consumption', 'collaborative drafting']",5
R029,"Through these two assignments, I have learned that generative AI can be both a powerful academic tool and a potential source of misinformation if used without critical thinking. At first, I was impres...","critical thinking, fact‑checking, fabricated citations, speed and coherence, misinformation risk","['critical thinking', 'fact‑checking', 'fabricated citations', 'speed and coherence', 'misinformation risk']",5
R030,"Due to the analytic nature of these assignments, I felt like I had to go more in-depth in terms of the evaluation of AI outputs. It also brought a lot of awareness as I did not know that AI can make u...","fabricated sources, critical evaluation, knowledge reliability, credibility assessment, AI impact on literacy","['fabricated sources', 'critical evaluation', 'knowledge reliability', 'credibility assessment', 'AI impact on literacy']",5
R031,"I had never previously used AI to generate complete texts for me. My experience with it was limited to improving my writing and finding research papers. Therefore, it was interesting to observe how mu...","source verification, inaccurate citations, preliminary overview, environmental impact, ethical usage","['source verification', 'inaccurate citations', 'preliminary overview', 'environmental impact', 'ethical usage']",5
R032,"As a Gen-Z university student I am constantly exposed to AI in my daily use of technology, whether I like it or not. However, before completing this assignment I had never used ChatGPT, or any similar...","fabricated references, critical thinking, ethical concerns, environmental impact, AI skepticism","['fabricated references', 'critical thinking', 'ethical concerns', 'environmental impact', 'AI skepticism']",5
R033,This assignment was both significant and enjoyable. It felt like much more than a basic exercise in research skills. It actively challenged my perception of my own critical thinking and taught me a gr...,"Critical thinking, Source validation, Responsible AI use, Cognitive impact, Academic literature evaluation","['Critical thinking', 'Source validation', 'Responsible AI use', 'Cognitive impact', 'Academic literature evaluation']",5
R034,"Although I was previously already of the opinion that generative AI was not a sure and trustworthy way of writing essays, these two assignments further brought up that ChatGPT, or any AI service, can ...","low reliability, critical thinking, learning tool, personal touch, questionable statements","['low reliability', 'critical thinking', 'learning tool', 'personal touch', 'questionable statements']",5
R035,"The two written assignments in this course have highlighted the capabilities, contrasted by harmful limitations deriving from AI generative texts. The AI texts provided structured and quick responses ...","fact‑checking, research tool, fabricated claims, critical thinking, environmental impact","['fact‑checking', 'research tool', 'fabricated claims', 'critical thinking', 'environmental impact']",5
R036,"While making these assignments, I have learned that AI-generated text is really prompt- and data- dependent and can be inaccurate in a non-obvious way. While allowing to analyze big amount of informat...","prompt dependency, data dependency, inaccuracy, rapid analysis, incorrect details","['prompt dependency', 'data dependency', 'inaccuracy', 'rapid analysis', 'incorrect details']",5
R037,"Working with generative AI on the assignment has allowed me to get a more precise understanding of its advantages and disadvantages. On one hand, AI can quickly and efficiently scan scholarly papers t...","summarization efficiency, overgeneralization risk, fact-checking, energy consumption, responsible use","['summarization efficiency', 'overgeneralization risk', 'fact-checking', 'energy consumption', 'responsible use']",5
R038,"Through these assignments, I have developed a more critical and reflective understanding of generative AI, its potential as a learning tool and its limitations. Before this course, I used AI mainly as...","source verification, fabricated references, collaborative brainstorming, carbon footprint, ethical transparency","['source verification', 'fabricated references', 'collaborative brainstorming', 'carbon footprint', 'ethical transparency']",5
R039,"Throughout this assignment, I gained deeper understanding of how generative AI can be used thoughtfully in academic work. This task made me engage with AI in a more intentional and critical way. I rea...","Critical engagement, Methodological nuance, Collaborative tool, Ethical implications, Environmental cost","['Critical engagement', 'Methodological nuance', 'Collaborative tool', 'Ethical implications', 'Environmental cost']",5
R040,"Nowadays, AI is indispensable in everyday life and also in science. For example, it can support learning by providing explanations, summarizing texts or helping to structure thoughts. It always has an...","source verification, critical thinking, environmental impact, academic caution, brainstorming tools","['source verification', 'critical thinking', 'environmental impact', 'academic caution', 'brainstorming tools']",5
R041,"After completing both assignments, my perspective on the use of generative AI has changed considerably. Before these assignments, I had not used generative AI in this academic context, mainly because ...","critical verification, oversimplified interpretations, supportive tool, biases and misinformation, environmental impact","['critical verification', 'oversimplified interpretations', 'supportive tool', 'biases and misinformation', 'environmental impact']",5
R042,"Before this course, I was already using generative AI tools like ChatGPT to help me understand complex psychological ideas in a simpler way. However, these two assignments showed me how to use AI even...","Simplifying complex material, Critical verification, AI limitations, Environmental impact, Mindful usage","['Simplifying complex material', 'Critical verification', 'AI limitations', 'Environmental impact', 'Mindful usage']",5
R043,"The capabilities of generative AI are both fascinating and somewhat alarming. Its ability to produce rapid, personalized outputs provides an efficient way to gather information and gain a general over...","fabricated sources, verification, critical thinking, environmental impact, intentional use","['fabricated sources', 'verification', 'critical thinking', 'environmental impact', 'intentional use']",5
R044,"Generative AI is widely used, mostly by students, unknowing of its limitations and blinded by its capabilities. These two assignments made me aware of both. Before, I had only used generative AI to su...","fact‑checking, referencing errors, critical thinking, AI limitations, dependency on AI","['fact‑checking', 'referencing errors', 'critical thinking', 'AI limitations', 'dependency on AI']",5
R045,"Through the two written generative AI assignments in this course, I learned a lot on how to utilize AI without relying on it, and divulging wrong information; having a clearer idea of its limitations ...","AI limitations, academic citations, cross‑checking sources, misinformation risk, environmental impact","['AI limitations', 'academic citations', 'cross‑checking sources', 'misinformation risk', 'environmental impact']",5
R046,"Before these assignments, I had used generative AI primarily to improve the structure, consistency, and clarity of my own writing. Occasionally, I also used it to summarize articles or find scientific...","source verification, citation accuracy, prompt specificity, structured response, environmental impact","['source verification', 'citation accuracy', 'prompt specificity', 'structured response', 'environmental impact']",5
R047,"Before these assignments, I had never used AI to summarize entire scientific articles. Usually, I prefer to read papers on my own, take notes, and then, if necessary, use AI to help me organize ideas ...","AI summarization, citation accuracy, academic integrity, supportive tool, critical thinking risk","['AI summarization', 'citation accuracy', 'academic integrity', 'supportive tool', 'critical thinking risk']",5
R048,"Through the assignments, I learned to detect the weaknesses and strengths of AI, in this case, ChatGPT. First, I found it hard to be able to critically evaluate such a complex model, and I thought to ...","fabricated sources, accuracy verification, critical evaluation, ethical concerns, paraphrasing assistance","['fabricated sources', 'accuracy verification', 'critical evaluation', 'ethical concerns', 'paraphrasing assistance']",5
R049,"In my case the two written assignments focused on reviewing the reliability of generative AI in academic context differed from each other quite a lot, which allowed me to see both its capabilities and...","summarizing tool, reliability assessment, environmental impact, ethical concerns, initial research","['summarizing tool', 'reliability assessment', 'environmental impact', 'ethical concerns', 'initial research']",5
R050,"Working with generative AI for both of these assignments has given me a much better sense of its capabilities and limitations. I am a relatively new AI-user and through these exercises, I have seen ho...","rapid literature search, summarization oversimplification, critical verification, ethical guidelines, AI curriculum integration","['rapid literature search', 'summarization oversimplification', 'critical verification', 'ethical guidelines', 'AI curriculum integration']",5
R051,"Through these two written assignments about generative AI, I have learned that with enough knowledge, it is possible to use AI in a useful way. I personally believe that it can be really useful with f...","source retrieval, text summarization, reliability checks, ethical usage, energy consumption","['source retrieval', 'text summarization', 'reliability checks', 'ethical usage', 'energy consumption']",5
R052,"Through the two written assignments in this course, I have developed a clearer understanding of both the capabilities and the limitations of generative AI. It became evident that AI can serve as a val...","output verification, cognitive over-reliance, critical thinking, fabricated references, energy consumption","['output verification', 'cognitive over-reliance', 'critical thinking', 'fabricated references', 'energy consumption']",5
R053,"I had talked about this in the questionnaire that we had to do for this course, but actually starting this year, I put a ban on myself using AI, specifically ChatGPT because I never used a different k...","AI ban, source hallucination, energy consumption, human skill growth, preliminary research","['AI ban', 'source hallucination', 'energy consumption', 'human skill growth', 'preliminary research']",5
R054,"Through the two written assignments in this course, I have developed a clearer understanding of both the capabilities and limitations of generative AI. Using ChatGPT to generate a scholarly text revea...","accurate citations, literature compilation, prompt engineering, output verification, critical evaluation","['accurate citations', 'literature compilation', 'prompt engineering', 'output verification', 'critical evaluation']",5
R055,"Generative AI can be a useful tool for brainstorming assignments, asking questions, and providing explanations, and it is highly effective as a search tool. However, AI has many downsides; it tends to...","bias misinformation, critical thinking, energy consumption, plagiarism risk, brainstorming assistance","['bias misinformation', 'critical thinking', 'energy consumption', 'plagiarism risk', 'brainstorming assistance']",5
R056,"Over the last two assignments, I learnt a lot about generative AI – what its benefits are and what its limitations are. In the first assignment, AI gave me some correct sources, but the meaning and th...","fabricated sources, emotional nuance loss, verification required, environmental impact, cognitive skill erosion","['fabricated sources', 'emotional nuance loss', 'verification required', 'environmental impact', 'cognitive skill erosion']",5
R057,"Through the two written assignments, I have expanded my knowledge on GenAI, especially its strengths and weaknesses. While I was aware of the possibility of any AI generated statement to be false, I n...","half‑truths, literature search, source credibility, APA formatting, critical thinking","['half‑truths', 'literature search', 'source credibility', 'APA formatting', 'critical thinking']",5
R058,"This assignment has me helped gain deeper understanding of how artificial intelligence gathers, synthesizes, and presents information. From previous experience I already knew that large language model...","source verification, prompt precision, critical review, sustainability concerns, academic integrity","['source verification', 'prompt precision', 'critical review', 'sustainability concerns', 'academic integrity']",5
R059,"Through the two written assignments about sleep and social support, I have learned a lot about the strengths and limits of generative AI. Before this course, I had only used AI tools like ChatGPT to s...","fabricated references, academic writing support, critical verification, ethical responsibility, environmental impact","['fabricated references', 'academic writing support', 'critical verification', 'ethical responsibility', 'environmental impact']",5
