id,text,sentiment,confidence,explanation
R001,"Reflecting on the two written assignments, I think it is safe to say that I was positively surprised with how accurate my generated texts were. I know that other students have entered the same prompts...",positive,high,"The student praises AI's accuracy and usefulness but emphasizes responsible, supportive use rather than full reliance."
R002,"Working on these two assignments gave me useful insights about the strengths and the weaknesses of AI tools in academic work and beyond. On one hand, AI platforms like Perplexity and ChatGPT are incre...",neutral,high,"The reflection balances praise for AI’s usefulness with clear concerns about reliability, ethics, and environmental impact."
R003,"These two writing assignments have given me more insight into what generative AI can and cannot do. Initially, I used AI for spelling and grammar, and as a handy tool for quickly writing texts and gen...",positive,high,"The student emphasizes AI’s benefits while acknowledging drawbacks, concluding it’s a valuable tool when used critically."
R004,"Through both assignments, I learned that using generative AI can be helpful for getting ideas, writing drafts, and finding academic sources, but it also has clear limitations. In the first assignment ...",positive,high,"The student highlights benefits and plans to use AI responsibly, showing optimism despite noting limitations."
R005,"Working on these two written assignments taught me a lot about what generative AI is capable of. Before this course, I mostly used AI to quickly summarize or write a text, but I hadn’t really thought ...",positive,high,"The student emphasizes AI’s helpfulness and potential while acknowledging the need for critical oversight, reflecting overall optimism."
R006,"Throughout the two assignments, I have developed a clearer understanding of both the limitations and success of AI. AI is a powerful tool for generating ideas, however, the ideas are lacking crucial i...",positive,high,The student acknowledges AI's flaws but emphasizes its useful benefits and plans to continue using it.
R007,"Working on both assignments really helped me understand what generative AI can and can't do in academic work. At first, I thought AI was just a quick and efficient way to create well-structured texts....",positive,high,"The student emphasizes AI’s benefits while acknowledging drawbacks, showing overall enthusiasm and optimism."
R008,"Through these two assignments, I have learned that generative AI can be a valuable academic tool when used intentionally and critically. I have been using AI to help me organize my thoughts, understan...",neutral,high,"The reflection balances benefits of AI with its limitations and concerns, presenting an overall measured perspective."
R009,"Using generative AI for this assignment helped me to quickly create a clear structure and identify relevant sources. It was useful as a starting point, but I realised that the AI tends to simplify com...",positive,high,"The reflection emphasizes the benefits of AI for structuring work and learning, while acknowledging drawbacks but maintaining an optimistic, responsible stance."
R010,Through the assignments about generative AI I have learned a lot about the capabilities and limitations of generative AI programs. I realized how helpful AI can be as a tool to easily find articles th...,negative,high,"The student emphasizes numerous drawbacks and risks of generative AI, outweighing the mentioned benefits."
R011,"AI helps to give the broad view of articles, explain difficult context in an simplified way, consistent way of context creating and improve the flow of writing. It has weaknesses too. it can leave out...",positive,high,"The student emphasizes AI’s helpfulness and benefits while acknowledging drawbacks, showing overall optimism."
R012,"Before these assignments, I was already familiar with generative AI tools, but I mostly used them to help me understand concepts or explain difficult theories, not to produce written academic work. In...",positive,high,"The student emphasizes learning, increased confidence, and sees AI as a useful, supportive tool despite noting its limitations."
R013,"If I reflect on how I used AI on my previous schoolwork, it was mainly for summarizing big texts, getting new ideas, tips on how I can improve my work or errors in spelling. Now, after making these as...",neutral,high,The reflection balances praise for AI’s usefulness with caution about its errors and energy impact.
R014,"One of the most “eye-opening” insights gained from writing the assignments for the Psychopathology and Prevention course is how truly unpredictable the AI output proved itself to be. That is, when ana...",negative,high,"The reflection focuses on AI's unpredictability, fabricated sources, and oversimplification, highlighting concerns over its reliability."
R015,"Through completing the two written assignments in this course, I have gained a deeper understanding of both the capabilities and limitations of generative AI. I was impressed by how quickly AI can pro...",positive,high,"The reflection emphasizes AI’s usefulness and potential while acknowledging drawbacks, resulting in an overall optimistic tone."
R016,"These assignments just reassured to me that it is important to take generative AI with a grain of salt, because it can not be fully trusted. In my studies so far I have used it to check my grammar and...",negative,high,"The reflection emphasizes numerous concerns and cautions about trust, misinformation, skill loss, and environmental impact, outweighing the positive remarks."
R017,"These assignments helped me realize that AI is a lot more accurate than I believed it was. Especially in this assignment, AI showed an incredible performance in covering all the important points in it...",positive,high,The student emphasizes AI’s impressive performance and usefulness while acknowledging some drawbacks.
R018,"Using generative Ai is something that has been deeply frowned upon in my original course. Since I am majoring in Literature and Society, the importance of subjective and independent thought is pushed ...",negative,high,"The reflection emphasizes concerns, drawbacks, and criticism of AI’s impact on literature despite noting limited benefits."
R019,"Through these two assignments, I have developed a clearer understanding of what should I look at, when I want to see the validity of the source of an article, which I find quite useful. I have also de...",positive,high,"The student emphasizes the usefulness and benefits of AI while acknowledging drawbacks, showing overall enthusiasm."
R020,"Through these two assignments, I have learned a lot about both the usefulness and the limitations of generative AI in academic work. Before these assignments I perceived AI mainly as a time-saving too...",neutral,high,The reflection balances appreciation of AI’s benefits with clear concerns and cautions.
R021,"Throughout both assignments, I used two different generative AI tools, namely Perplexity AI and ChatGPT. I had not heard of the first one prior to this assignment, so I decided to explore its capabili...",negative,high,"The student emphasizes concerns, fear, and criticism about AI's reliability, trustworthiness, and societal impact."
R022,"Using AI during this work showed that it can be a decent tool to help looking for the requiered literature, especially if given details, such as year or years of publication and topic. From one side, ...",neutral,high,"The student notes both benefits and drawbacks, presenting a balanced view."
R023,"The two written assignments provided insight into how generative AI can be applied in education when used with caution and awareness. Within academic contexts, AI systems can be helpful for summarizin...",neutral,high,"The reflection balances benefits of generative AI with cautions, presenting an informative, mixed view."
R024,"In completing these assignments, I gained a deeper understanding of both the capabilities andlimitations of generative AI programs (especially OpenAI, 2025) in academic contexts. I have alwaysused AI ...",positive,high,"The student highlights AI’s benefits while acknowledging limits, showing overall optimism about responsible use."
R025,"This whole process has given me valuable insight into how generative programs operate and utilize the material of the sources. Evidently, the AI makes several errors in interpreting the conclusions of...",negative,high,"The reflection focuses on AI errors, limitations, and cautions against reliance, emphasizing drawbacks."
R026,"I have previously used generative AI to aid in my assignments and education; however, these assignments truly expanded my understanding of platforms like ChatGPT and surprised me by showing that they ...",negative,high,"The reflection focuses on concerns about AI’s unreliability, misinformation, and negative impacts, outweighing the brief positives."
R027,"The two written assignments of this course have provided crucial understanding for me personally to understand the role of generative AI (GAI) in the academic setting. Unlike previous, less structured...",neutral,high,The reflection balances praise for GAI’s capabilities with criticism of its limitations and risks.
R028,"Working with generative AI across these two assignments has given me a deeper appreciation of both its capabilities and its limitations. On the positive side, AI can produce concise summaries, generat...",neutral,high,"The reflection equally highlights benefits and drawbacks of generative AI, presenting a balanced, descriptive perspective."
R029,"Through these two assignments, I have learned that generative AI can be both a powerful academic tool and a potential source of misinformation if used without critical thinking. At first, I was impres...",neutral,high,The reflection balances praise for AI’s efficiency with caution about its inaccuracies and the need for critical oversight.
R030,"Due to the analytic nature of these assignments, I felt like I had to go more in-depth in terms of the evaluation of AI outputs. It also brought a lot of awareness as I did not know that AI can make u...",negative,high,"The reflection emphasizes concerns about AI reliability, risks for academic work, and negative societal impacts, outweighing any positive remarks."
R031,"I had never previously used AI to generate complete texts for me. My experience with it was limited to improving my writing and finding research papers. Therefore, it was interesting to observe how mu...",negative,high,"The reflection emphasizes AI's shortcomings, risks, and cautions despite noting limited benefits."
R032,"As a Gen-Z university student I am constantly exposed to AI in my daily use of technology, whether I like it or not. However, before completing this assignment I had never used ChatGPT, or any similar...",negative,high,"The student repeatedly emphasizes distrust, criticism, and ethical concerns about AI, highlighting its drawbacks and reaffirming a negative stance."
R033,This assignment was both significant and enjoyable. It felt like much more than a basic exercise in research skills. It actively challenged my perception of my own critical thinking and taught me a gr...,positive,high,"The student expresses enthusiasm and appreciation for AI’s role and learning benefits, while noting responsible use."
R034,"Although I was previously already of the opinion that generative AI was not a sure and trustworthy way of writing essays, these two assignments further brought up that ChatGPT, or any AI service, can ...",negative,high,"The student focuses on AI's unreliability and disappointment, emphasizing drawbacks despite a brief mention of limited benefits."
R035,"The two written assignments in this course have highlighted the capabilities, contrasted by harmful limitations deriving from AI generative texts. The AI texts provided structured and quick responses ...",negative,high,"The reflection emphasizes significant drawbacks, risks, and the need for caution despite noting some benefits."
R036,"While making these assignments, I have learned that AI-generated text is really prompt- and data- dependent and can be inaccurate in a non-obvious way. While allowing to analyze big amount of informat...",neutral,high,The reflection notes both benefits and drawbacks of AI without strong emotional language.
R037,"Working with generative AI on the assignment has allowed me to get a more precise understanding of its advantages and disadvantages. On one hand, AI can quickly and efficiently scan scholarly papers t...",neutral,high,"The reflection equally discusses benefits and drawbacks, presenting a balanced, descriptive view."
R038,"Through these assignments, I have developed a more critical and reflective understanding of generative AI, its potential as a learning tool and its limitations. Before this course, I used AI mainly as...",neutral,high,The reflection balances appreciation of AI’s usefulness with concerns about its limitations and ethical implications.
R039,"Throughout this assignment, I gained deeper understanding of how generative AI can be used thoughtfully in academic work. This task made me engage with AI in a more intentional and critical way. I rea...",positive,high,The student emphasizes benefits and plans to use AI responsibly while acknowledging drawbacks.
R040,"Nowadays, AI is indispensable in everyday life and also in science. For example, it can support learning by providing explanations, summarizing texts or helping to structure thoughts. It always has an...",neutral,high,"The reflection equally highlights benefits and drawbacks, presenting a balanced, descriptive view."
R041,"After completing both assignments, my perspective on the use of generative AI has changed considerably. Before these assignments, I had not used generative AI in this academic context, mainly because ...",negative,high,The reflection emphasizes concerns and criticisms about AI’s limitations despite acknowledging some benefits.
R042,"Before this course, I was already using generative AI tools like ChatGPT to help me understand complex psychological ideas in a simpler way. However, these two assignments showed me how to use AI even...",positive,high,"The student emphasizes AI’s benefits for learning while acknowledging drawbacks, showing overall enthusiasm and optimism about its use."
R043,"The capabilities of generative AI are both fascinating and somewhat alarming. Its ability to produce rapid, personalized outputs provides an efficient way to gather information and gain a general over...",negative,high,"The reflection focuses on concerns about reliability, trust, critical thinking decline, and environmental impact, outweighing the noted benefits."
R044,"Generative AI is widely used, mostly by students, unknowing of its limitations and blinded by its capabilities. These two assignments made me aware of both. Before, I had only used generative AI to su...",positive,high,"The student highlights AI’s usefulness and plans to use it responsibly, showing overall optimism despite noting some drawbacks."
R045,"Through the two written generative AI assignments in this course, I learned a lot on how to utilize AI without relying on it, and divulging wrong information; having a clearer idea of its limitations ...",neutral,high,The reflection balances appreciation of AI’s usefulness with concerns about its limitations and risks.
R046,"Before these assignments, I had used generative AI primarily to improve the structure, consistency, and clarity of my own writing. Occasionally, I also used it to summarize articles or find scientific...",neutral,high,The reflection objectively discusses both benefits and drawbacks of generative AI without strong emotional bias.
R047,"Before these assignments, I had never used AI to summarize entire scientific articles. Usually, I prefer to read papers on my own, take notes, and then, if necessary, use AI to help me organize ideas ...",neutral,high,The reflection balances appreciation of AI’s benefits with clear concerns about its limitations and risks.
R048,"Through the assignments, I learned to detect the weaknesses and strengths of AI, in this case, ChatGPT. First, I found it hard to be able to critically evaluate such a complex model, and I thought to ...",negative,high,"The reflection emphasizes AI's inaccuracies, risks, ethical and environmental concerns, and urges cautious, limited use."
R049,"In my case the two written assignments focused on reviewing the reliability of generative AI in academic context differed from each other quite a lot, which allowed me to see both its capabilities and...",negative,high,"The reflection focuses on limitations, concerns, and personal discouragement toward future AI use."
R050,"Working with generative AI for both of these assignments has given me a much better sense of its capabilities and limitations. I am a relatively new AI-user and through these exercises, I have seen ho...",positive,high,The reflection highlights enthusiasm and optimism about AI’s benefits while noting cautious concerns.
R051,"Through these two written assignments about generative AI, I have learned that with enough knowledge, it is possible to use AI in a useful way. I personally believe that it can be really useful with f...",positive,high,"The student highlights AI’s usefulness and plans to employ it responsibly, showing overall optimism despite noting cautions."
R052,"Through the two written assignments in this course, I have developed a clearer understanding of both the capabilities and the limitations of generative AI. It became evident that AI can serve as a val...",negative,high,"The reflection emphasizes concerns, risks, and the need for caution over the benefits of generative AI."
R053,"I had talked about this in the questionnaire that we had to do for this course, but actually starting this year, I put a ban on myself using AI, specifically ChatGPT because I never used a different k...",positive,high,"The reflection highlights personal growth, gratitude, and optimism about using AI sparingly despite noting some concerns."
R054,"Through the two written assignments in this course, I have developed a clearer understanding of both the capabilities and limitations of generative AI. Using ChatGPT to generate a scholarly text revea...",positive,high,"The reflection emphasizes AI’s benefits and future value while acknowledging limitations, showing overall optimism."
R055,"Generative AI can be a useful tool for brainstorming assignments, asking questions, and providing explanations, and it is highly effective as a search tool. However, AI has many downsides; it tends to...",negative,high,"The reflection focuses mainly on AI's drawbacks, risks, and the student's decision to limit its use."
R056,"Over the last two assignments, I learnt a lot about generative AI – what its benefits are and what its limitations are. In the first assignment, AI gave me some correct sources, but the meaning and th...",negative,high,"The student emphasizes numerous drawbacks, distrust, and concerns about AI's accuracy, impact on cognition, and environment."
R057,"Through the two written assignments, I have expanded my knowledge on GenAI, especially its strengths and weaknesses. While I was aware of the possibility of any AI generated statement to be false, I n...",negative,high,The reflection emphasizes concerns and caution about AI's reliability and overreliance despite noting some benefits.
R058,"This assignment has me helped gain deeper understanding of how artificial intelligence gathers, synthesizes, and presents information. From previous experience I already knew that large language model...",negative,high,"The reflection emphasizes numerous drawbacks, cautions, and concerns about AI despite noting limited benefits."
R059,"Through the two written assignments about sleep and social support, I have learned a lot about the strengths and limits of generative AI. Before this course, I had only used AI tools like ChatGPT to s...",positive,high,"The reflection emphasizes the benefits and responsible, optimistic use of AI despite noting some drawbacks."
